Date,Symbol,Week,Close,Next_close_4,20day_avg_movement,25day_avg_movement,30day_avg_movement,35day_avg_movement,40day_avg_movement
2023-03-31,RELIANCE.NS,2023-03-27,2151.56,2145.84,2209.9379999999996,2223.8016,2229.315,2239.3474285714287,2244.9404999999997
2023-07-03,RELIANCE.NS,2023-07-03,2414.29,2430.81,2536.1405,2534.5644,2537.7103333333334,2530.423142857143,2521.321315789474
2023-07-10,RELIANCE.NS,2023-07-10,2524.45,2529.67,2533.5875,2537.558,2529.0816666666665,2518.7227272727273,
2023-01-11,TCS.NS,2023-01-09,3328.7,3378.4,3449.7875,3455.792,3441.315,3428.6328571428576,3405.3487499999997
2023-03-31,TCS.NS,2023-03-27,3205.9,3263.4,3194.865,3207.0260000000003,3216.581666666667,3229.8828571428576,3236.79
2023-07-14,TCS.NS,2023-07-10,3514.65,3463.3,3423.9799999999996,3417.228,3411.3844827586204,,
2023-08-04,TCS.NS,2023-07-31,3443.55,3442.1,,,,,
2023-03-29,HDFCBANK.NS,2023-03-27,1587.8,1666.35,1672.6525000000001,1669.97,1665.2616666666668,1659.18,1652.4112499999999
2023-04-05,HDFCBANK.NS,2023-04-03,1653.75,1684.9,1670.975,1666.918,1659.7466666666667,1653.8857142857144,1647.92
2023-06-21,HDFCBANK.NS,2023-06-19,1635.6,1658.6,1676.4675,1671.9979999999998,1667.7483333333332,1660.0428571428572,1650.7587500000002
2023-06-28,HDFCBANK.NS,2023-06-26,1676.15,1673.3,1665.0549999999998,1661.344,1653.4216666666666,1643.7571428571428,1635.2800000000002
2023-04-25,ICICIBANK.NS,2023-04-24,913.45,922.1,941.4125,941.62,941.205,939.5842857142858,938.0737500000001
2023-08-23,ICICIBANK.NS,2023-08-21,966.85,967.75,,,,,
2023-05-11,HINDUNILVR.NS,2023-05-08,2592.4,2661.75,2661.3149999999996,2666.7039999999997,2664.275,2672.011428571429,2672.1975
2023-06-01,HINDUNILVR.NS,2023-05-29,2697.9,2716.2,2681.415,2679.8320000000003,2680.4016666666666,2666.217142857143,2653.35875
2023-02-02,INFY.NS,2023-01-30,1583.75,1590.5,1546.445,1523.1719999999998,1501.9383333333333,1486.1957142857143,1477.6725000000001
2023-03-31,INFY.NS,2023-03-27,1427.95,1427.6,1274.04,1270.0659999999998,1271.935,1278.182857142857,1280.68375
2023-05-22,INFY.NS,2023-05-22,1292.8,1317.45,1295.76,1297.09,1304.0983333333331,1314.8242857142857,1327.1675
2023-01-24,ITC.NS,2023-01-23,338.95,352.35,379.45,380.35,380.9,380.5,380.48875
2023-04-11,ITC.NS,2023-04-10,396.0,398.5,419.355,420.56200000000007,424.7766666666667,427.25142857142856,429.05
2023-04-21,ITC.NS,2023-04-17,408.25,416.0,427.15,430.82399999999996,432.6449999999999,434.4971428571428,436.3325
2023-04-27,ITC.NS,2023-04-24,416.0,424.6,431.27250000000004,433.566,435.085,437.33714285714285,438.5825
2023-06-15,ITC.NS,2023-06-12,448.1,447.05,465.16,466.584,465.98999999999995,464.3514285714285,462.07875
2023-07-03,ITC.NS,2023-07-03,463.25,468.4,470.175,466.796,463.32666666666665,461.14714285714285,459.54605263157896
2023-03-31,SBIN.NS,2023-03-27,523.75,526.3,558.4375,562.9939999999999,565.5216666666666,568.5871428571429,570.80625
2023-07-03,SBIN.NS,2023-07-03,585.45,593.6,601.49,595.694,591.1766666666667,588.5842857142858,586.9486842105263
2023-07-19,SBIN.NS,2023-07-17,601.45,609.6,584.6475,582.198,581.3961538461539,,
2023-06-23,BHARTIARTL.NS,2023-06-19,854.8,878.75,881.8225,882.298,882.11,879.2057142857143,878.2825
2023-02-08,BAJFINANCE.NS,2023-02-06,6351.65,6458.7,6128.1675,6044.236,5978.03,5948.428571428572,5941.78125
2023-04-25,BAJFINANCE.NS,2023-04-24,6075.25,6249.15,6699.925,6768.396,6820.051666666666,6876.091428571428,6897.67375
2023-05-08,BAJFINANCE.NS,2023-05-08,6657.95,6714.4,6907.860000000001,6953.932,6990.303333333333,7008.881428571429,7098.297500000001
2023-05-26,BAJFINANCE.NS,2023-05-22,6904.5,7040.5,7106.445,7221.987999999999,7263.861666666666,7303.138571428571,7322.41875
2023-05-30,BAJFINANCE.NS,2023-05-29,7005.8,7043.2,7162.7625,7258.394,7292.656666666667,7335.165714285715,7334.991250000001
2023-05-05,LICI.NS,2023-05-01,560.05,561.0,588.2099999999999,590.18,596.18,599.8657142857143,603.1875
2023-06-19,LICI.NS,2023-06-19,618.3,624.95,623.2475000000001,624.516,628.6666666666666,631.57,634.5175
2023-04-05,LT.NS,2023-04-03,2257.75,2288.5,2291.125,2275.776,2263.898333333333,2257.1514285714284,2264.13375
2023-06-05,LT.NS,2023-06-05,2268.3,2363.0,2407.6050000000005,2418.9120000000003,2437.4283333333337,2466.317142857143,2486.77
2023-06-30,LT.NS,2023-06-26,2475.55,2488.6,2547.2,2565.364,2580.6,2594.3771428571426,2605.876923076923
2023-07-21,LT.NS,2023-07-17,2586.25,2660.2,2653.85,2662.6249999999995,,,
2023-01-09,HCLTECH.NS,2023-01-09,1067.45,1077.8,1125.7625,1125.08,1119.9316666666668,1117.9514285714286,1116.61375
2023-01-17,HCLTECH.NS,2023-01-16,1111.05,1121.2,1128.5949999999998,1120.61,1119.6216666666667,1116.682857142857,1113.0237499999998
2023-06-15,HCLTECH.NS,2023-06-12,1143.6,1170.45,1159.25,1150.29,1145.7466666666667,1145.3528571428571,1148.93375
2023-08-01,HCLTECH.NS,2023-07-31,1138.5,1150.8,1164.8764705882354,,,,
2023-05-04,ASIANPAINT.NS,2023-05-01,2982.85,3041.4,3148.7925,3163.8580000000006,3188.405,3205.151428571429,3225.5637500000003
2023-05-11,ASIANPAINT.NS,2023-05-08,3139.75,3092.45,3173.1525,3200.75,3218.23,3239.69,3256.8462499999996
2023-05-31,ASIANPAINT.NS,2023-05-29,3192.95,3212.75,3293.6050000000005,3310.3059999999996,3335.815,3355.292857142857,3356.96375
2023-06-13,ASIANPAINT.NS,2023-06-12,3262.85,3309.7,3364.675,3391.8379999999997,3388.3116666666665,3382.2657142857142,3363.255
2023-07-18,ASIANPAINT.NS,2023-07-17,3513.45,3543.7,3292.1724999999997,3281.7019999999993,3281.235185185185,,
2023-05-09,AXISBANK.NS,2023-05-08,888.25,915.8,935.275,943.7360000000001,947.3266666666666,951.7571428571429,953.8225
2023-01-24,MARUTI.NS,2023-01-23,8698.8,8895.3,8768.8425,8744.654,8708.845,8649.144285714285,8602.465
2023-04-03,MARUTI.NS,2023-04-03,8503.05,8659.55,8758.345,8836.546,8897.651666666667,8964.067142857142,9047.8025
2023-04-11,MARUTI.NS,2023-04-10,8659.55,8732.65,8858.06,8917.942,8990.496666666666,9072.98142857143,9136.03
2023-05-02,MARUTI.NS,2023-05-01,8776.85,9076.25,9259.175,9338.562,9374.82,9382.231428571427,9412.23
2023-05-09,MARUTI.NS,2023-05-08,9111.55,9207.3,9371.0375,9408.052000000001,9411.16,9441.31142857143,9494.6075
2023-05-26,MARUTI.NS,2023-05-22,9399.95,9328.3,9552.6375,9603.004,9626.618333333334,9637.252857142856,9648.4375
2023-06-30,MARUTI.NS,2023-06-26,9789.05,9859.4,9722.3825,9673.804,9625.816666666664,9611.015714285713,9625.761538461536
2023-04-06,SUNPHARMA.NS,2023-04-03,1012.1,1003.5,974.485,966.382,964.2216666666666,967.3614285714286,971.0612500000001
2023-05-26,SUNPHARMA.NS,2023-05-22,969.9,987.7,999.2950000000001,1007.612,1017.83,1027.3228571428572,1038.43125
2023-06-28,SUNPHARMA.NS,2023-06-26,1021.8,1044.7,1092.3625000000002,1103.578,1109.8266666666668,1112.7614285714287,1112.70125
2023-07-11,SUNPHARMA.NS,2023-07-10,1072.25,1077.6,1125.2975000000001,1128.17,1126.0383333333334,1125.2390625,
2023-07-27,SUNPHARMA.NS,2023-07-24,1134.95,1135.25,1133.04,,,,
2023-02-03,TITAN.NS,2023-01-30,2463.1,2462.55,2432.995,2426.1040000000003,2438.2383333333337,2448.8342857142857,2464.55
2023-02-13,TITAN.NS,2023-02-13,2519.05,2500.3,2403.555,2424.004,2441.348333333334,2460.7485714285717,2475.65875
2023-03-16,TITAN.NS,2023-03-13,2450.35,2508.15,2559.79,2578.4,2603.6133333333337,2627.761428571429,2637.46
2023-04-05,TITAN.NS,2023-04-03,2572.7,2587.9,2659.61,2677.916,2683.375,2703.661428571429,2725.6375
2023-05-05,TITAN.NS,2023-05-01,2732.9,2757.85,2786.5125,2807.4660000000003,2834.1633333333334,2856.802857142857,2886.2825000000003
2023-05-29,TITAN.NS,2023-05-29,2812.25,2861.65,2940.8625,2971.508,2988.1849999999995,2988.0699999999997,2990.32375
2023-06-16,TITAN.NS,2023-06-12,2954.3,2970.25,3039.375,3031.7259999999997,3019.425,3010.5799999999995,3014.81375
2023-06-28,TITAN.NS,2023-06-26,3028.1,3099.85,3030.0125,3007.54,3009.593333333333,3017.81,3025.12875
2023-08-11,TITAN.NS,2023-08-07,3017.25,3050.45,,,,,
2023-04-03,DMART.NS,2023-04-03,3553.75,3454.2,3539.8425,3529.8320000000003,3512.1333333333328,3509.962857142857,3513.39375
2023-05-08,DMART.NS,2023-05-08,3677.85,3677.55,3484.6724999999997,3548.3559999999998,3604.9066666666668,3645.3985714285714,3666.47
2023-06-09,DMART.NS,2023-06-05,3632.1,3917.7,3866.4674999999997,3831.19,3808.163333333333,3794.382857142857,3771.7300000000005
2023-06-14,DMART.NS,2023-06-12,3704.85,3986.9,3818.8525,3791.578,3780.1066666666666,3762.0785714285716,3733.4325
2023-01-12,ULTRACEMCO.NS,2023-01-09,7153.35,7283.45,7070.92,7114.654,7136.4783333333335,7149.928571428572,7147.058749999999
2023-05-29,ULTRACEMCO.NS,2023-05-29,7840.55,7850.65,8214.677500000002,8247.218,8246.480000000001,8241.794285714286,8253.04
2023-06-06,ULTRACEMCO.NS,2023-06-05,8109.55,8198.6,8295.259999999998,8278.77,8275.165,8280.064285714287,8267.91375
2023-02-09,BAJAJFINSV.NS,2023-02-06,1400.25,1420.8,1351.9299999999998,1337.536,1321.7949999999998,1318.5228571428572,1320.47125
2023-04-06,BAJAJFINSV.NS,2023-04-03,1303.95,1341.3,1364.775,1375.312,1385.4183333333333,1395.5928571428572,1405.04125
2023-04-13,BAJAJFINSV.NS,2023-04-10,1341.3,1332.1,1381.5,1390.928,1401.5683333333334,1411.3100000000002,1420.29375
2023-04-27,BAJAJFINSV.NS,2023-04-24,1360.0,1374.45,1424.325,1433.0420000000001,1439.995,1451.3814285714286,1459.44125
2023-06-16,BAJAJFINSV.NS,2023-06-12,1508.6,1507.65,1587.5700000000002,1595.344,1585.3733333333334,1575.01,1562.31375
2023-07-04,BAJAJFINSV.NS,2023-07-03,1629.5,1597.8,1593.72,1576.4879999999998,1558.8383333333331,1548.8885714285714,1545.9864864864865
2023-01-18,WIPRO.NS,2023-01-16,403.2,406.6,404.035,401.45200000000006,399.7083333333333,396.96714285714285,393.295
2023-04-24,WIPRO.NS,2023-04-24,377.95,385.0,388.16749999999996,391.432,392.7,392.0971428571429,390.86375000000004
2023-05-22,WIPRO.NS,2023-05-22,395.75,401.7,394.505,392.642,392.93,393.89714285714285,396.19874999999996
2023-06-30,WIPRO.NS,2023-06-26,389.15,396.2,403.10749999999996,405.39799999999997,407.03499999999997,408.01142857142855,408.00384615384615
2023-07-14,WIPRO.NS,2023-07-10,405.05,417.65,408.6975,409.732,409.48448275862074,,
2023-04-12,ADANIENT.NS,2023-04-10,1847.25,1853.85,1886.4275000000002,1986.2979999999998,2073.9266666666667,2125.69,2168.51125
2023-05-22,ADANIENT.NS,2023-05-22,2326.1,2544.35,2445.06,2426.272,2421.213333333333,2416.968571428571,2417.2200000000003
2023-01-19,ONGC.NS,2023-01-16,151.75,152.45,148.41,149.57399999999998,150.73833333333332,151.1185714285714,151.16875
2023-02-16,ONGC.NS,2023-02-13,155.9,153.6,154.19,153.242,153.48,154.31857142857143,155.04874999999998
2023-06-14,ONGC.NS,2023-06-12,157.85,157.25,162.8775,164.49,166.15833333333333,167.24,168.60125
2023-07-12,ONGC.NS,2023-07-10,167.65,166.9,173.775,174.25,174.35666666666665,174.35000000000002,
2023-05-02,NTPC.NS,2023-05-01,175.6,177.05,175.3775,176.43399999999997,178.13833333333332,179.29285714285714,180.62124999999997
2023-06-08,NTPC.NS,2023-06-05,182.05,187.2,189.3425,189.34400000000002,190.96,194.9,197.77625
2023-07-21,NTPC.NS,2023-07-17,195.1,201.95,217.8775,218.2520833333333,,,
2023-03-29,JSWSTEEL.NS,2023-03-27,678.9,682.7,722.8175,720.09,716.3983333333332,714.0885714285714,712.8712499999999
2023-04-11,JSWSTEEL.NS,2023-04-10,713.6,719.35,720.7900000000001,716.2560000000001,713.5949999999999,713.23,718.4287499999999
2023-06-07,JSWSTEEL.NS,2023-06-05,729.75,756.65,779.0825,782.7840000000001,784.5583333333333,787.9014285714286,790.61875
2023-06-28,JSWSTEEL.NS,2023-06-26,783.4,791.9,799.6274999999999,801.63,802.5799999999999,801.15,798.39625
2023-01-09,M&M.NS,2023-01-09,1310.35,1328.15,1344.3075000000001,1347.382,1340.2566666666667,1329.715714285714,1316.4775
2023-01-31,M&M.NS,2023-01-30,1378.75,1376.0,1324.2150000000001,1304.134,1281.0066666666667,1262.1785714285713,1249.39625
2023-05-09,M&M.NS,2023-05-08,1245.45,1285.65,1319.245,1333.434,1341.8716666666667,1355.4157142857143,1378.7175000000002
2023-05-29,M&M.NS,2023-05-29,1330.15,1341.4,1396.815,1421.618,1444.35,1457.8671428571429,1463.15875
2023-06-05,M&M.NS,2023-06-05,1395.4,1370.65,1428.7875,1454.632,1468.6883333333333,1473.19,1475.025
2023-06-30,M&M.NS,2023-06-26,1453.6,1548.8,1527.4625,1524.826,1530.3566666666666,1531.5557142857142,1535.2089743589745
2023-07-06,M&M.NS,2023-07-03,1548.8,1570.85,1515.97,1524.088,1527.6183333333333,1531.9228571428573,
2023-08-09,M&M.NS,2023-08-07,1534.75,1570.6,,,,,
2023-05-19,LTIM.NS,2023-05-15,4803.0,4910.55,4956.6525,4981.8460000000005,5018.096666666666,5007.642857142857,5007.545
2023-05-25,LTIM.NS,2023-05-22,4910.55,4998.4,4968.465,5017.948,5006.491666666667,5011.4114285714295,4994.82125
2023-06-16,LTIM.NS,2023-06-12,5010.6,5026.05,5058.4375,5019.34,5000.978333333333,5013.63,5029.9625
2023-06-30,LTIM.NS,2023-06-26,5197.2,5178.2,4939.657499999999,4962.976,4991.855,5014.7185714285715,5029.458974358974
2023-01-10,TATAMOTORS.NS,2023-01-09,412.9,413.0,431.85999999999996,433.694,432.38000000000005,432.15,431.09250000000003
2023-01-24,TATAMOTORS.NS,2023-01-23,422.15,452.1,437.64250000000004,436.268,434.1716666666667,431.40714285714284,428.94375
2023-04-06,TATAMOTORS.NS,2023-04-03,437.65,469.5,487.49749999999995,493.7,498.1983333333333,503.0971428571429,510.45625
2023-05-08,TATAMOTORS.NS,2023-05-08,500.5,515.95,531.75,538.7959999999999,544.3199999999999,549.8157142857143,556.5224999999999
2023-06-01,TATAMOTORS.NS,2023-05-29,535.2,567.95,575.5525,584.74,590.5416666666666,597.0142857142857,601.50875
2023-06-28,TATAMOTORS.NS,2023-06-26,586.65,588.25,626.5575,624.178,622.4783333333334,621.5914285714285,619.4224999999999
2023-01-16,ADANIGREEN.NS,2023-01-16,2089.8,1975.6,1028.22,925.2660000000001,860.435,833.9457142857143,831.54625
2023-03-15,ADANIGREEN.NS,2023-03-13,740.4,891.05,923.2974999999999,926.5759999999999,927.0999999999999,921.9242857142857,920.7700000000001
2023-03-21,ADANIGREEN.NS,2023-03-20,891.05,984.9,912.8775000000002,919.1060000000001,915.3666666666667,911.7085714285714,919.8675
2023-04-10,ADANIGREEN.NS,2023-04-10,899.15,962.55,921.29,919.57,928.4066666666665,936.7742857142857,940.7175
2023-05-22,ADANIGREEN.NS,2023-05-22,941.75,963.35,972.5125,968.9459999999999,966.35,965.3642857142858,967.77125
2023-07-20,ADANIGREEN.NS,2023-07-17,985.0,1140.4,1008.9100000000001,1000.4559999999999,,,
2023-07-25,ADANIGREEN.NS,2023-07-24,1088.05,1093.3,990.3575000000001,986.65,,,
2023-04-12,ADANIPORTS.NS,2023-04-10,657.75,658.4,679.85,687.664,695.3633333333333,701.767142857143,706.3900000000001
2023-05-22,ADANIPORTS.NS,2023-05-22,729.7,726.85,738.3675000000001,737.8059999999999,736.9483333333334,735.34,734.8162500000001
2023-07-25,ADANIPORTS.NS,2023-07-24,749.25,777.85,802.6524999999999,802.9068181818183,,,
2023-01-19,COALINDIA.NS,2023-01-16,223.95,226.15,217.045,217.27599999999998,218.45833333333334,218.8,218.19625000000002
2023-03-02,COALINDIA.NS,2023-02-27,222.85,224.8,217.61999999999998,219.912,221.63166666666666,223.55,225.08874999999998
2023-04-03,COALINDIA.NS,2023-04-03,220.15,223.65,232.55750000000003,233.842,234.83333333333334,235.67142857142858,234.8925
2023-06-30,COALINDIA.NS,2023-06-26,231.0,234.6,231.23250000000002,231.65,231.76166666666668,231.47285714285715,231.27564102564102
2023-04-11,TATASTEEL.NS,2023-04-10,107.55,107.6,108.13500000000002,107.53399999999999,107.36333333333333,107.56428571428572,107.98125
2023-06-14,TATASTEEL.NS,2023-06-12,113.8,114.25,113.4825,114.316,115.45333333333335,115.94285714285714,116.21124999999999
2023-07-10,TATASTEEL.NS,2023-07-10,115.3,117.15,118.98499999999999,118.502,118.39333333333333,118.67727272727271,
2023-01-12,HINDZINC.NS,2023-01-09,345.1,361.35,338.8775,335.042,331.0883333333333,328.0671428571428,324.74249999999995
2023-08-30,HINDZINC.NS,2023-08-28,319.95,,,,,,
2023-04-18,PIDILITIND.NS,2023-04-17,2432.5,2421.15,2493.2525,2507.13,2527.758333333333,2544.697142857143,2562.1925
2023-06-01,PIDILITIND.NS,2023-05-29,2651.55,2654.85,2640.6850000000004,2636.08,2639.525,2637.9514285714286,2635.12875
2023-06-13,PIDILITIND.NS,2023-06-12,2686.65,2673.3,2625.0800000000004,2631.438,2629.0766666666664,2626.5071428571428,2616.8287499999997
2023-02-07,SIEMENS.NS,2023-02-06,3118.05,3129.4,3233.0125,3244.018,3254.29,3267.0128571428572,3276.9112499999997
2023-03-08,SIEMENS.NS,2023-03-06,3287.45,3252.9,3320.81,3311.322,3331.7066666666665,3373.1214285714286,3429.1800000000003
2023-04-26,SIEMENS.NS,2023-04-24,3447.65,3540.9,3649.6625,3633.6940000000004,3643.8783333333336,3665.7285714285713,3670.88375
2023-06-07,SIEMENS.NS,2023-06-05,3653.9,3734.4,3742.6699999999996,3735.426,3726.1983333333333,3745.3885714285716,3750.1275
2023-08-23,SIEMENS.NS,2023-08-21,3718.35,3865.35,,,,,
2023-01-12,SBILIFE.NS,2023-01-09,1315.7,1310.65,1199.9175,1188.934,1177.1283333333336,1168.3885714285716,1156.1125
2023-06-07,SBILIFE.NS,2023-06-05,1245.8,1243.3,1284.4450000000002,1290.506,1292.61,1291.1114285714284,1292.7949999999998
2023-06-16,SBILIFE.NS,2023-06-12,1281.35,1276.5,1297.7675000000002,1298.1,1293.2833333333333,1298.4457142857143,1296.9862500000002
2023-04-27,IOC.NS,2023-04-24,80.45,83.3,86.92999999999999,87.51800000000001,88.26833333333335,88.8,88.95375
2023-05-16,IOC.NS,2023-05-15,87.0,87.15,90.61749999999999,90.68400000000001,90.94333333333334,91.91714285714286,92.56875
2023-07-03,IOC.NS,2023-07-03,95.25,99.2,96.86,96.14599999999999,95.50666666666666,94.97999999999999,94.6328947368421
2023-01-24,BAJAJ-AUTO.NS,2023-01-23,3686.5,3818.25,3838.5600000000004,3819.3740000000003,3812.7033333333334,3818.01,3819.99125
2023-04-03,BAJAJ-AUTO.NS,2023-04-03,3993.75,4177.4,4389.4400000000005,4419.144,4438.158333333334,4462.338571428571,4496.71625
2023-04-11,BAJAJ-AUTO.NS,2023-04-10,4177.4,4209.25,4446.1,4458.512,4483.343333333333,4515.144285714286,4545.7474999999995
2023-05-08,BAJAJ-AUTO.NS,2023-05-08,4549.25,4538.9,4614.217500000001,4636.146,4634.928333333332,4636.894285714286,4661.41
2023-06-07,BAJAJ-AUTO.NS,2023-06-05,4780.75,4755.95,4722.1275000000005,4747.44,4767.318333333333,4784.3,4774.389999999999
2023-07-05,BAJAJ-AUTO.NS,2023-07-03,4890.05,4917.65,4837.2474999999995,4794.5779999999995,4767.928333333333,4748.344285714286,4744.606944444445
2023-04-06,GRASIM.NS,2023-04-03,1662.44,1694.36,1719.7575000000002,1718.1304,1714.0279999999998,1713.652,1715.9479999999999
2023-06-14,GRASIM.NS,2023-06-12,1772.3,1762.09,1752.4504999999997,1764.7279999999998,1774.5466666666666,1782.9045714285714,1786.3252499999999
2023-01-16,TECHM.NS,2023-01-16,1034.45,1046.5,1043.0875,1059.346,1066.5266666666666,1069.8414285714284,1075.21
2023-02-15,TECHM.NS,2023-02-13,1071.4,1134.45,1105.59,1102.704,1102.5383333333334,1097.8942857142858,1086.59625
2023-03-13,TECHM.NS,2023-03-13,1133.8,1127.15,1082.7225,1066.23,1061.8116666666667,1059.487142857143,1059.4675
2023-05-19,TECHM.NS,2023-05-15,1072.15,1098.1,1097.1325,1101.1480000000001,1110.28,1119.437142857143,1134.075
2023-07-14,TECHM.NS,2023-07-10,1228.65,1252.95,1176.685,1182.214,1184.0431034482758,,
2023-08-09,TECHM.NS,2023-08-07,1228.0,1227.85,,,,,
2023-04-05,HDFCLIFE.NS,2023-04-03,507.75,517.05,539.2049999999999,543.286,547.5699999999999,552.6357142857142,556.65375
2023-04-13,HDFCLIFE.NS,2023-04-10,531.85,530.25,546.4775000000001,550.98,556.3216666666667,560.3871428571429,563.8875
2023-05-25,HDFCLIFE.NS,2023-05-22,572.05,592.35,607.625,617.446,626.2450000000001,631.4628571428572,634.3625
2023-02-02,BRITANNIA.NS,2023-01-30,4573.05,4594.8,4473.2225,4437.212,4412.551666666666,4388.2757142857145,4377.12
2023-04-27,BRITANNIA.NS,2023-04-24,4415.85,4587.05,4587.535,4622.441999999999,4673.241666666667,4725.03,4758.175
2023-06-07,BRITANNIA.NS,2023-06-05,4893.15,4940.1,5028.955,5043.045999999999,5033.793333333333,5006.0371428571425,4966.86875
2023-06-14,VEDL.NS,2023-06-12,281.0,282.65,279.915,279.436,278.89666666666665,274.00142857142856,269.415
2023-02-02,GODREJCP.NS,2023-01-30,939.7,940.7,926.55,924.69,929.0666666666667,933.6528571428571,937.725
2023-05-25,GODREJCP.NS,2023-05-22,1029.4,1058.35,1055.7875,1059.858,1059.9233333333334,1059.0857142857142,1056.6075
2023-01-17,DABUR.NS,2023-01-16,556.55,564.4,543.885,541.774,540.1783333333334,538.11,537.8512499999999
2023-05-26,DABUR.NS,2023-05-22,542.1,556.9,562.6700000000001,566.8760000000001,569.1283333333334,570.0385714285715,570.3875
2023-06-14,DABUR.NS,2023-06-12,562.35,572.1,576.7275000000001,575.4760000000001,575.0799999999999,573.6285714285714,572.5775
2023-03-08,ATGL.NS,2023-03-06,861.35,947.2,908.4725000000001,911.4,915.3816666666665,912.8971428571427,899.4237499999999
2023-03-31,SHREECEM.NS,2023-03-27,26186.95,26000.75,24622.36,24619.368,24570.08,24638.285714285714,24723.87875
2023-02-15,HAL.NS,2023-02-13,1241.28,1311.12,1349.028,1339.7848000000001,1345.6426666666666,1354.86,1360.86775
2023-03-01,HAL.NS,2023-02-27,1342.12,1431.62,1357.3945,1367.9484,1373.7773333333332,1385.296857142857,1396.28125
2023-04-28,HAL.NS,2023-04-24,1460.1,1472.18,1522.6365,1567.0084,1615.7263333333333,1655.8148571428571,1681.92075
2023-05-16,HAL.NS,2023-05-15,1548.38,1549.65,1687.3915000000002,1725.3355999999999,1748.9073333333333,1769.3397142857143,1788.1785
2023-06-02,HAL.NS,2023-05-29,1583.97,1763.7,1872.0925,1882.2428,1888.8393333333331,1895.607142857143,1897.2040000000002
2023-01-11,HINDALCO.NS,2023-01-09,490.95,487.9,462.99750000000006,456.784,449.845,444.4042857142857,438.89624999999995
2023-03-31,HINDALCO.NS,2023-03-27,405.35,411.45,432.105,427.94199999999995,424.5566666666666,422.6685714285714,421.95875000000007
2023-04-28,HINDALCO.NS,2023-04-24,436.1,434.25,415.0125,415.656,416.82166666666666,417.40714285714284,417.7125
2023-07-13,HINDALCO.NS,2023-07-10,435.2,439.2,453.26750000000004,452.894,453.04333333333335,,
2023-02-07,VBL.NS,2023-02-06,652.05,642.03,656.927,657.8296,661.1123333333333,666.7588571428572,673.1765
2023-05-26,VBL.NS,2023-05-22,850.97,844.5,810.714,811.8932000000001,814.7426666666668,815.0837142857143,814.04825
2023-08-16,VBL.NS,2023-08-14,890.35,906.0,,,,,
2023-03-17,DLF.NS,2023-03-13,375.25,367.65,391.1125,397.86800000000005,403.6433333333334,411.8557142857143,419.39
2023-04-05,DLF.NS,2023-04-03,367.05,406.55,422.77250000000004,431.88199999999995,438.7966666666667,444.6442857142857,450.30250000000007
2023-04-10,DLF.NS,2023-04-10,405.5,415.35,428.34250000000003,436.582,443.0883333333333,449.08428571428567,454.445
2023-05-15,DLF.NS,2023-05-15,468.15,471.9,484.965,484.626,484.875,487.25,488.22625000000005
2023-06-19,BANKBARODA.NS,2023-06-19,193.75,192.2,199.2475,199.25599999999997,198.37666666666667,197.52857142857144,196.575
2023-07-03,BANKBARODA.NS,2023-07-03,199.1,209.0,198.9375,197.66400000000002,196.32000000000002,195.57,195.12894736842108
2023-03-03,INDUSINDBK.NS,2023-02-27,1126.4,1144.8,1045.5549999999998,1061.53,1072.03,1080.5328571428572,1091.35625
2023-03-29,INDUSINDBK.NS,2023-03-27,1057.1,1082.0,1119.6375,1136.05,1154.355,1171.7728571428572,1187.1200000000001
2023-05-09,INDUSINDBK.NS,2023-05-08,1140.6,1219.55,1279.12,1286.176,1287.861666666667,1297.3771428571429,1307.575
2023-05-30,INDUSINDBK.NS,2023-05-29,1293.25,1301.8,1320.5175000000002,1332.2060000000001,1340.3549999999998,1351.8242857142857,1359.2862499999999
2023-04-28,EICHERMOT.NS,2023-04-24,3301.1,3355.1,3593.3849999999998,3608.4860000000003,3601.3683333333333,3593.3728571428574,3590.28125
2023-05-10,EICHERMOT.NS,2023-05-08,3416.75,3633.2,3644.025,3623.3959999999997,3611.3516666666665,3594.5114285714285,3548.3375
2023-03-28,DRREDDY.NS,2023-03-27,4526.8,4682.8,4870.522500000001,4829.106000000001,4766.5633333333335,4730.509999999999,4708.84625
2023-04-10,DRREDDY.NS,2023-04-10,4759.65,4852.3,4821.705,4745.954000000001,4709.2716666666665,4690.9114285714295,4688.7375
2023-06-02,DRREDDY.NS,2023-05-29,4610.45,4649.4,4962.995,5000.168,5042.460000000001,5104.472857142857,5173.33875
2023-06-15,DRREDDY.NS,2023-06-12,4803.45,4910.4,5141.652499999999,5196.84,5271.048333333333,5336.908571428572,5401.2775
2023-06-28,DRREDDY.NS,2023-06-26,5107.85,5178.35,5338.945000000001,5409.904,5482.786666666667,5544.427142857142,5564.7875
2023-08-09,DRREDDY.NS,2023-08-07,5871.0,5857.85,,,,,
2023-04-12,DIVISLAB.NS,2023-04-10,3212.1,3342.6,3269.6325,3278.4219999999996,3312.6466666666665,3340.942857142857,3358.8725
2023-03-15,BPCL.NS,2023-03-13,330.3,358.55,339.9225,342.772,346.6216666666667,349.27285714285716,350.9625
2023-04-19,BPCL.NS,2023-04-17,342.0,347.5,362.7925,362.76199999999994,362.49,363.25857142857143,364.74375
2023-05-04,BPCL.NS,2023-05-01,368.35,372.15,362.49249999999995,363.56800000000004,365.49666666666667,365.19857142857137,366.96124999999995
2023-08-22,HAVELLS.NS,2023-08-21,1319.25,1315.9,,,,,
2023-03-08,ADANIPOWER.NS,2023-03-06,186.6,204.35,192.5625,192.93400000000003,197.17666666666665,202.97,207.44249999999997
2023-06-07,ADANIPOWER.NS,2023-06-05,274.85,267.8,252.615,250.77399999999997,250.29666666666668,252.41857142857143,255.46749999999997
2023-08-03,ADANIPOWER.NS,2023-07-31,274.85,277.15,,,,,
2023-01-11,INDIGO.NS,2023-01-09,2107.35,2081.25,2077.0775,2035.63,2004.9033333333332,1985.4357142857143,1970.8575
2023-04-17,INDIGO.NS,2023-04-17,1937.0,1987.65,2168.4824999999996,2194.644,2224.7433333333333,2254.095714285714,2271.63125
2023-05-02,INDIGO.NS,2023-05-01,2067.4,2199.85,2297.2149999999997,2323.814,2335.575,2354.061428571428,2385.045
2023-06-02,INDIGO.NS,2023-05-29,2385.75,2447.05,2508.2175,2544.384,2568.3300000000004,2571.761428571429,2567.53125
2023-05-25,CIPLA.NS,2023-05-22,945.45,953.05,987.85,992.706,997.5233333333333,1003.2114285714287,1012.625
2023-07-20,CIPLA.NS,2023-07-17,1056.55,1068.5,1218.715,1221.444,,,
2023-04-05,AMBUJACEM.NS,2023-04-03,379.95,396.05,392.31,394.48800000000006,399.315,403.6642857142857,409.73999999999995
2023-05-22,AMBUJACEM.NS,2023-05-22,423.9,424.55,446.49000000000007,443.66799999999995,440.8566666666666,437.63142857142856,435.30875
2023-06-06,AMBUJACEM.NS,2023-06-05,459.15,456.3,438.95,434.67400000000004,432.8666666666667,435.96000000000004,440.1474999999999
2023-04-21,SRF.NS,2023-04-17,2477.0,2495.5,2516.92,2516.51,2516.3016666666667,2493.912857142857,2479.3849999999998
2023-04-28,SRF.NS,2023-04-24,2540.25,2529.7,2508.55,2509.8920000000003,2484.8399999999997,2469.5328571428568,2448.8125
2023-08-02,SRF.NS,2023-07-31,2265.4,2277.95,2312.6375000000003,,,,
2023-08-29,SRF.NS,2023-08-28,2374.35,,,,,,
2023-04-25,ABB.NS,2023-04-24,3336.1,3442.15,3861.4025,3896.4319999999993,3943.2216666666664,4000.0200000000004,4036.4300000000003
2023-05-04,ABB.NS,2023-05-01,3645.35,3815.45,3965.95,4016.1440000000002,4070.8083333333334,4103.582857142857,4140.277499999999
2023-06-13,ABB.NS,2023-06-12,4319.8,4327.65,4386.365,4372.23,4389.766666666666,4397.56,4403.04625
2023-03-31,BEL.NS,2023-03-27,97.55,99.9,103.4775,104.392,105.05833333333334,105.91142857142856,107.12124999999999
2023-05-03,BEL.NS,2023-05-01,106.35,107.55,110.26500000000001,112.098,114.03333333333333,115.06,116.02874999999999
2023-06-05,BEL.NS,2023-06-05,115.65,120.35,122.5875,123.464,123.91833333333332,124.53428571428573,124.88250000000001
2023-08-22,BEL.NS,2023-08-21,133.3,134.9,,,,,
2023-03-31,SBICARD.NS,2023-03-27,740.2,739.5,777.475,797.194,812.4433333333333,825.9814285714285,837.695
2023-05-04,SBICARD.NS,2023-05-01,796.55,824.25,897.915,902.862,902.74,896.6285714285714,889.6975
2023-05-11,SBICARD.NS,2023-05-08,865.65,879.4,909.5600000000001,908.0740000000001,900.0550000000001,891.6442857142858,884.7
2023-05-30,SBICARD.NS,2023-05-29,917.05,919.8,890.3050000000001,879.6080000000001,873.1166666666667,871.2928571428571,870.4512499999998
2023-01-20,GAIL.NS,2023-01-16,99.0,99.15,95.88250000000001,97.446,99.545,100.99714285714286,101.4475
2023-02-23,GAIL.NS,2023-02-20,98.05,103.4,107.24249999999999,106.926,107.25833333333334,107.52857142857142,107.58875
2023-03-06,GAIL.NS,2023-03-06,109.05,110.2,106.57000000000001,107.052,107.38666666666667,107.43285714285715,107.63125
2023-04-12,GAIL.NS,2023-04-10,108.6,108.25,108.69500000000001,108.324,107.89333333333335,107.45428571428572,107.31000000000002
2023-06-13,GAIL.NS,2023-06-12,107.05,108.0,107.4375,108.346,109.94166666666666,110.74571428571429,111.35749999999999
2023-07-25,GAIL.NS,2023-07-24,116.4,119.1,116.03,115.98636363636363,,,
2023-08-22,GAIL.NS,2023-08-21,117.05,117.35,,,,,
2023-04-28,BAJAJHLDNG.NS,2023-04-24,6847.95,6814.4,6823.1975,6837.566,6850.523333333333,6863.679999999999,6878.1950000000015
2023-05-24,BAJAJHLDNG.NS,2023-05-22,6934.45,7078.0,6946.695,6968.914000000001,7009.413333333333,7071.322857142858,7118.508749999999
2023-04-24,TATACONSUM.NS,2023-04-24,732.55,763.85,781.2524999999999,783.87,787.36,796.7985714285714,803.8075
2023-05-26,TATACONSUM.NS,2023-05-22,789.7,793.65,835.7049999999999,838.1080000000001,838.3583333333333,841.37,844.0725
2023-06-14,TATACONSUM.NS,2023-06-12,862.5,858.9,849.1949999999999,852.596,852.7800000000001,851.4014285714286,850.4037499999998
2023-05-29,ICICIPRULI.NS,2023-05-29,461.8,471.8,536.9375,544.8340000000001,552.6933333333333,553.8285714285714,556.7475000000001
2023-06-06,ICICIPRULI.NS,2023-06-05,496.7,503.4,560.6899999999999,566.17,565.3233333333334,566.9514285714286,568.0175
2023-06-16,ICICIPRULI.NS,2023-06-12,534.2,562.55,574.91,574.992,574.8883333333334,574.8657142857143,570.99
2023-06-20,ICICIPRULI.NS,2023-06-19,563.25,564.05,576.26,576.352,576.2066666666667,574.3142857142857,570.405
2023-07-10,ICICIPRULI.NS,2023-07-10,595.0,587.85,571.8824999999999,566.278,563.1566666666666,562.930303030303,
2023-02-01,CHOLAFIN.NS,2023-01-30,749.8,781.4,770.3025,766.2179999999998,763.7816666666665,759.5328571428571,764.42
2023-04-05,CHOLAFIN.NS,2023-04-03,782.65,820.25,897.4775,922.83,944.8816666666667,959.4928571428571,972.2137499999999
2023-05-18,CHOLAFIN.NS,2023-05-15,1042.3,1052.2,1077.675,1081.7120000000002,1096.4383333333333,1104.36,1111.41
2023-06-13,CHOLAFIN.NS,2023-06-12,1101.8,1132.25,1141.5149999999999,1142.666,1141.4766666666665,1132.1485714285716,1120.9825
2023-05-08,MARICO.NS,2023-05-08,530.7,541.5,538.5975000000001,539.2080000000001,537.705,536.4542857142858,535.31875
2023-04-28,APOLLOHOSP.NS,2023-04-24,4513.7,4602.5,4604.2775,4674.226,4738.641666666666,4791.328571428571,4829.24625
2023-05-05,APOLLOHOSP.NS,2023-05-01,4602.5,4595.3,4675.71,4741.778,4807.876666666666,4848.188571428572,4884.3
2023-06-01,APOLLOHOSP.NS,2023-05-29,4814.25,5026.45,5081.91,5105.353999999999,5118.62,5129.364285714286,5126.84
2023-06-15,APOLLOHOSP.NS,2023-06-12,5218.75,5118.75,5148.7925,5157.8,5149.695000000001,5126.078571428571,5095.56875
2023-06-08,TATAPOWER.NS,2023-06-05,220.65,224.15,222.64500000000004,222.26399999999998,221.77333333333334,224.00428571428571,225.36374999999998
2023-07-06,TATAPOWER.NS,2023-07-03,229.6,226.3,227.31750000000002,228.732,230.88666666666668,233.04285714285714,
2023-07-28,TATAPOWER.NS,2023-07-24,234.65,235.45,239.33684210526314,,,,
2023-08-21,TATAPOWER.NS,2023-08-21,239.35,245.6,,,,,
2023-02-01,BOSCHLTD.NS,2023-01-30,17118.05,17414.9,17977.6025,18016.986,18052.995,18123.47142857143,18240.151250000003
2023-03-29,BOSCHLTD.NS,2023-03-27,18977.15,18795.0,18992.225,19035.528000000002,19020.245,18969.095714285715,18939.798749999998
2023-04-27,BOSCHLTD.NS,2023-04-24,19117.8,19193.25,18955.355,18934.032,18942.025,18952.564285714285,18922.0375
2023-06-13,BERGEPAINT.NS,2023-06-12,557.62,563.0,561.5175,563.234,564.1396666666667,567.6182857142857,569.37325
2023-04-11,JINDALSTEL.NS,2023-04-10,562.9,566.5,578.5425,566.93,559.2016666666666,554.05,551.1337500000001
2023-04-19,JINDALSTEL.NS,2023-04-17,579.85,575.65,564.1775,555.4540000000001,550.0683333333333,547.3042857142858,549.7262499999999
2023-06-16,JINDALSTEL.NS,2023-06-12,544.2,584.1,612.7625,621.28,627.1833333333333,633.8414285714285,635.8625
2023-07-25,JINDALSTEL.NS,2023-07-24,664.7,668.75,658.3,660.1863636363637,,,
2023-08-29,JINDALSTEL.NS,2023-08-28,676.3,,,,,,
2023-03-14,MCDOWELL-N.NS,2023-03-13,768.35,765.85,758.575,761.1759999999999,765.3,769.7857142857143,774.47
2023-02-14,UPL.NS,2023-02-13,761.6,757.95,714.3100000000001,712.97,714.5799999999999,718.0499999999998,720.0737499999999
2023-05-22,AWL.NS,2023-05-22,444.3,450.4,426.875,423.24800000000005,420.25500000000005,417.46571428571434,415.4625
2023-04-05,ICICIGI.NS,2023-04-03,1093.05,1090.85,1087.46,1090.378,1089.7216666666668,1105.9285714285713,1122.425
2023-04-28,TORNTPHARM.NS,2023-04-24,1652.3,1649.75,1690.2475000000002,1710.964,1730.85,1749.462857142857,1768.1875
2023-05-25,TORNTPHARM.NS,2023-05-22,1701.35,1835.8,1833.9474999999998,1845.5179999999998,1858.47,1869.3,1881.01375
2023-05-31,TORNTPHARM.NS,2023-05-29,1835.8,1788.1,1856.1475000000003,1868.326,1879.3183333333334,1889.512857142857,1901.685
2023-04-13,CANBK.NS,2023-04-10,291.25,296.65,307.15500000000003,306.082,306.6566666666667,307.47857142857146,307.41375
2023-06-02,CANBK.NS,2023-05-29,313.75,312.3,308.56,312.682,316.52666666666664,319.82,321.54875000000004
2023-07-03,CANBK.NS,2023-07-03,318.5,333.7,334.5375,334.30400000000003,333.38,332.69142857142856,332.01973684210526
2023-07-03,PNB.NS,2023-07-03,53.85,60.4,61.46,61.48400000000001,61.651666666666664,61.77714285714285,61.88421052631579
2023-01-25,TVSMOTOR.NS,2023-01-23,1037.9,1018.35,1080.6875,1081.8319999999999,1076.635,1072.6857142857143,1070.58375
2023-04-11,TVSMOTOR.NS,2023-04-10,1128.85,1144.95,1180.4275000000002,1194.5,1210.8033333333333,1225.0271428571427,1239.24
2023-05-04,TVSMOTOR.NS,2023-05-01,1169.05,1241.05,1273.7625,1286.756,1296.2416666666666,1298.2642857142857,1300.53125
2023-01-09,ZYDUSLIFE.NS,2023-01-09,444.05,441.35,446.89,451.702,453.8533333333333,456.3085714285714,458.06499999999994
2023-02-06,ZYDUSLIFE.NS,2023-02-06,470.15,473.5,469.285,470.514,472.15833333333336,474.7685714285715,477.91999999999996
2023-06-14,ZYDUSLIFE.NS,2023-06-12,532.35,556.05,581.76,588.97,596.9666666666667,604.8814285714286,610.58875
2023-06-27,ZYDUSLIFE.NS,2023-06-26,570.7,574.1,607.99,615.548,621.9366666666666,625.7185714285714,626.6162499999999
2023-07-19,ZYDUSLIFE.NS,2023-07-17,607.5,621.75,645.9625,643.35,642.676923076923,,
2023-07-27,ZYDUSLIFE.NS,2023-07-24,649.5,628.6,645.105,,,,
2023-02-24,TIINDIA.NS,2023-02-20,2551.05,2811.6,2614.2,2610.666,2621.0350000000003,2609.48,2606.2612500000005
2023-05-29,TIINDIA.NS,2023-05-29,2865.15,2884.2,3011.1524999999997,3043.19,3078.795,3096.2157142857145,3097.8725
2023-06-15,TIINDIA.NS,2023-06-12,2978.5,3171.55,3198.4649999999997,3189.3039999999996,3169.1266666666666,3146.35,3104.88125
2023-06-21,TIINDIA.NS,2023-06-19,3171.55,3134.2,3194.77,3172.12,3148.71,3105.572857142857,3066.78125
2023-02-03,TRENT.NS,2023-01-30,1235.65,1341.9,1323.9450000000002,1326.184,1326.8433333333335,1328.3742857142856,1332.53125
2023-02-09,TRENT.NS,2023-02-06,1341.9,1347.45,1324.7549999999999,1327.6779999999999,1327.7466666666667,1332.4199999999998,1336.08875
2023-03-31,TRENT.NS,2023-03-27,1374.95,1358.7,1387.12,1408.68,1423.3066666666668,1440.0385714285717,1459.14
2023-05-05,TRENT.NS,2023-05-01,1416.8,1471.4,1537.02,1560.642,1585.6566666666665,1609.2742857142857,1625.03375
2023-05-11,TRENT.NS,2023-05-08,1471.4,1505.55,1566.3899999999999,1594.2320000000002,1618.575,1637.0085714285715,1643.045
2023-06-13,TRENT.NS,2023-06-12,1685.65,1708.45,1717.925,1716.89,1717.775,1714.7442857142858,1736.7837499999998
2023-08-09,TRENT.NS,2023-08-07,1787.9,1956.55,,,,,
2023-08-01,IDBI.NS,2023-07-31,62.95,65.25,61.785294117647055,,,,
2023-04-28,NAUKRI.NS,2023-04-24,3776.2,3816.35,3972.8299999999995,4006.3259999999996,4060.328333333333,4111.215714285715,4152.0925
2023-05-26,NAUKRI.NS,2023-05-22,4197.75,4218.65,4320.852499999999,4345.566,4372.679999999999,4416.7014285714295,4436.40625
2023-07-13,NAUKRI.NS,2023-07-10,4625.5,4679.5,4584.0199999999995,4505.3,4466.023333333333,,
2023-04-06,SHRIRAMFIN.NS,2023-04-03,1303.85,1296.6,1354.4850000000001,1350.6879999999999,1355.5966666666668,1363.1142857142856,1370.16875
2023-04-03,HEROMOTOCO.NS,2023-04-03,2431.1,2469.85,2507.7375,2543.866,2572.7916666666665,2601.292857142857,2640.9025
2023-05-09,HEROMOTOCO.NS,2023-05-08,2591.55,2691.9,2800.6625,2814.2,2814.398333333333,2826.9557142857143,2866.20625
2023-05-15,HEROMOTOCO.NS,2023-05-15,2691.9,2713.0,2835.7650000000003,2828.9439999999995,2835.218333333333,2876.815714285714,2904.275
2023-06-01,HEROMOTOCO.NS,2023-05-29,2800.4,2958.0,2902.75,2943.258,2970.3183333333336,2993.3885714285716,3004.81875
2023-06-30,HEROMOTOCO.NS,2023-06-26,2910.1,3172.1,3106.8875,3087.96,3070.2566666666667,3051.0385714285717,3040.3602564102566
2023-07-04,HEROMOTOCO.NS,2023-07-03,3029.8,3123.7,3088.23,3077.4380000000006,3057.4683333333332,3040.9814285714288,3035.1932432432436
2023-03-31,INDHOTEL.NS,2023-03-27,324.35,328.0,344.16,347.638,351.5783333333333,356.20142857142855,360.8325
2023-04-20,INDHOTEL.NS,2023-04-17,335.1,340.95,362.89,367.704,371.46500000000003,374.04857142857145,376.62624999999997
2023-05-03,INDHOTEL.NS,2023-05-01,354.9,374.25,376.28000000000003,378.61,381.4633333333333,382.0257142857143,382.78374999999994
2023-04-18,PIIND.NS,2023-04-17,3153.3,3112.95,3337.8900000000003,3361.614,3392.6733333333336,3434.548571428572,3488.0862499999994
2023-04-28,PIIND.NS,2023-04-24,3384.5,3443.2,3416.9875,3455.692,3515.6949999999997,3567.1685714285713,3605.00875
2023-06-07,PIIND.NS,2023-06-05,3679.4,3761.45,3831.2950000000005,3793.68,3765.3083333333334,3744.6914285714283,3749.0012500000003
2023-08-02,PIIND.NS,2023-07-31,3684.7,3850.75,3741.3625,,,,
2023-07-31,IRCTC.NS,2023-07-31,640.65,653.55,655.6861111111111,,,,
2023-01-09,CGPOWER.NS,2023-01-09,289.45,308.55,308.9575,311.86199999999997,312.35999999999996,310.9142857142857,309.04125
2023-02-10,CGPOWER.NS,2023-02-06,327.85,323.75,303.71999999999997,301.46,300.5183333333333,299.4457142857143,299.5575
2023-05-09,CGPOWER.NS,2023-05-08,320.5,332.15,368.9,370.336,370.5883333333333,371.4814285714285,373.76
2023-08-17,CGPOWER.NS,2023-08-14,412.4,417.0,,,,,
