Date,Symbol,Week,Close,Next_close_4,20day_avg_movement,25day_avg_movement,30day_avg_movement,35day_avg_movement,40day_avg_movement
2023-03-31,RELIANCE.NS,2023-03-27,2331.05,2324.85,2394.3,2409.32,2415.293333,2426.162857,2432.2225
2023-07-03,RELIANCE.NS,2023-07-03,2615.7,2633.6,2621.65,2602.972,2594.716667,2579.285714,2566.326316
2023-07-10,RELIANCE.NS,2023-07-10,2735.05,2740.7,2566.155,2563.612,2550.793333,2538.460606,
2023-01-11,TCS.NS,2023-01-09,3328.7,3378.4,3449.7875,3455.792,3441.315,3428.632857,3405.34875
2023-03-31,TCS.NS,2023-03-27,3205.9,3263.4,3194.865,3207.026,3216.581667,3229.882857,3236.79
2023-07-14,TCS.NS,2023-07-10,3514.65,3463.3,3423.98,3417.228,3411.384483,,
2023-08-04,TCS.NS,2023-07-31,3443.55,3442.1,,,,,
2023-03-29,HDFCBANK.NS,2023-03-27,1587.8,1666.35,1672.6525,1669.97,1665.261667,1659.18,1652.41125
2023-04-05,HDFCBANK.NS,2023-04-03,1653.75,1684.9,1670.975,1666.918,1659.746667,1653.885714,1647.92
2023-06-21,HDFCBANK.NS,2023-06-19,1635.6,1658.6,1675.59,1671.296,1667.163333,1659.541429,1650.32
2023-04-25,ICICIBANK.NS,2023-04-24,913.45,922.1,941.4125,941.62,941.205,939.5842857,938.07375
2023-08-23,ICICIBANK.NS,2023-08-21,966.85,967.75,,,,,
2023-05-11,HINDUNILVR.NS,2023-05-08,2592.4,2661.75,2661.315,2666.704,2663.945,2671.728571,2671.95
2023-06-01,HINDUNILVR.NS,2023-05-29,2697.9,2716.2,2680.92,2679.436,2680.071667,2665.934286,2653.11125
2023-02-02,INFY.NS,2023-01-30,1583.75,1590.5,1546.445,1523.172,1501.938333,1486.195714,1477.6725
2023-03-31,INFY.NS,2023-03-27,1427.95,1427.6,1274.04,1270.066,1271.935,1278.182857,1280.68375
2023-05-22,INFY.NS,2023-05-22,1292.8,1317.45,1295.76,1296.522,1303.625,1314.418571,1326.8125
2023-06-30,INFY.NS,2023-06-26,1335.5,1343.9,1372.1125,1375.492,1379.051667,1383.781429,1388.108974
2023-01-24,ITC.NS,2023-01-23,338.95,352.35,379.45,380.35,380.9,380.5,380.48875
2023-04-11,ITC.NS,2023-04-10,396,398.5,419.355,420.562,424.7766667,427.2514286,429.05
2023-04-21,ITC.NS,2023-04-17,408.25,416,427.15,430.824,432.645,434.4971429,436.3325
2023-04-27,ITC.NS,2023-04-24,416,424.6,431.2725,433.566,435.085,437.3371429,438.47625
2023-06-15,ITC.NS,2023-06-12,448.1,447.05,464.9475,466.414,465.8483333,464.23,461.9725
2023-07-03,ITC.NS,2023-07-03,463.25,468.4,470.175,466.796,463.3266667,461.1471429,459.5460526
2023-03-31,SBIN.NS,2023-03-27,523.75,526.3,558.4375,562.994,565.5216667,568.5871429,570.80625
2023-07-03,SBIN.NS,2023-07-03,585.45,593.6,601.49,595.694,591.1766667,588.5842857,586.9486842
2023-07-19,SBIN.NS,2023-07-17,601.45,609.6,584.6475,582.198,581.3961538,,
2023-06-23,BHARTIARTL.NS,2023-06-19,854.8,878.75,881.8225,882.298,882.11,879.2057143,878.2825
2023-02-08,BAJFINANCE.NS,2023-02-06,6351.65,6458.7,6128.1675,6044.236,5978.03,5948.428571,5941.78125
2023-04-25,BAJFINANCE.NS,2023-04-24,6075.25,6249.15,6699.925,6768.396,6820.051667,6876.091429,6897.67375
2023-05-08,BAJFINANCE.NS,2023-05-08,6657.95,6714.4,6907.86,6953.932,6990.303333,7006.854286,7096.52375
2023-05-26,BAJFINANCE.NS,2023-05-22,6904.5,7040.5,7102.8975,7219.15,7261.496667,7301.111429,7320.645
2023-05-30,BAJFINANCE.NS,2023-05-29,7005.8,7043.2,7159.215,7255.556,7290.291667,7333.138571,7333.2175
2023-05-05,LICI.NS,2023-05-01,560.05,561,588.21,590.18,596.18,599.7742857,603.1075
2023-06-19,LICI.NS,2023-06-19,618.3,624.95,623.0875,624.388,628.56,631.4785714,634.4375
2023-04-05,LT.NS,2023-04-03,2257.75,2288.5,2291.125,2275.776,2263.898333,2257.151429,2264.13375
2023-06-05,LT.NS,2023-06-05,2268.3,2363,2405.935,2417.576,2436.315,2465.362857,2485.935
2023-06-30,LT.NS,2023-06-26,2475.55,2488.6,2547.2,2565.364,2580.6,2594.377143,2605.876923
2023-07-21,LT.NS,2023-07-17,2586.25,2660.2,2653.85,2662.625,,,
2023-01-09,HCLTECH.NS,2023-01-09,1067.45,1077.8,1125.7625,1125.08,1119.931667,1117.951429,1116.61375
2023-01-17,HCLTECH.NS,2023-01-16,1111.05,1121.2,1128.595,1120.61,1119.621667,1116.682857,1113.02375
2023-06-15,HCLTECH.NS,2023-06-12,1143.6,1170.45,1159.2375,1150.28,1145.738333,1145.345714,1148.9275
2023-08-01,HCLTECH.NS,2023-07-31,1138.5,1150.8,1164.876471,,,,
2023-05-04,ASIANPAINT.NS,2023-05-01,2982.85,3041.4,3148.7925,3163.858,3188.405,3204.515714,3225.0075
2023-05-11,ASIANPAINT.NS,2023-05-08,3139.75,3092.45,3173.1525,3200.75,3217.488333,3239.054286,3256.29
2023-05-31,ASIANPAINT.NS,2023-05-29,3192.95,3212.75,3292.4925,3309.416,3335.073333,3354.657143,3356.4075
2023-06-13,ASIANPAINT.NS,2023-06-12,3262.85,3309.7,3363.5625,3390.948,3387.57,3381.63,3362.69875
2023-06-30,ASIANPAINT.NS,2023-06-26,3362.05,3399.4,3417.17,3397.72,3362.393333,3339.642857,3332.915385
2023-07-18,ASIANPAINT.NS,2023-07-17,3513.45,3543.7,3292.1725,3281.702,3281.235185,,
2023-05-09,AXISBANK.NS,2023-05-08,888.25,915.8,935.275,943.736,947.3266667,951.6157143,953.69875
2023-01-24,MARUTI.NS,2023-01-23,8698.8,8895.3,8768.8425,8744.654,8708.845,8649.144286,8602.465
2023-04-03,MARUTI.NS,2023-04-03,8503.05,8659.55,8758.345,8836.546,8897.651667,8964.067143,9047.8025
2023-04-11,MARUTI.NS,2023-04-10,8659.55,8732.65,8858.06,8917.942,8990.496667,9072.981429,9136.03
2023-05-02,MARUTI.NS,2023-05-01,8776.85,9076.25,9259.175,9338.562,9374.82,9382.231429,9410.23875
2023-05-09,MARUTI.NS,2023-05-08,9111.55,9207.3,9371.0375,9408.052,9411.16,9439.035714,9492.61625
2023-05-26,MARUTI.NS,2023-05-22,9399.95,9328.3,9548.655,9599.818,9623.963333,9634.977143,9646.44625
2023-06-30,MARUTI.NS,2023-06-26,9789.05,9859.4,9722.3825,9673.804,9625.816667,9611.015714,9625.761538
2023-04-06,SUNPHARMA.NS,2023-04-03,1012.1,1003.5,974.485,966.382,964.2216667,967.3614286,971.06125
2023-05-26,SUNPHARMA.NS,2023-05-22,969.9,987.7,998.295,1006.812,1017.163333,1026.751429,1037.93125
2023-06-30,SUNPHARMA.NS,2023-06-26,1051.6,1042.5,1097.2875,1107.89,1112.906667,1114.584286,1114.501282
2023-07-11,SUNPHARMA.NS,2023-07-10,1072.25,1077.6,1125.2975,1128.17,1126.038333,1125.239063,
2023-07-27,SUNPHARMA.NS,2023-07-24,1134.95,1135.25,1133.04,,,,
2023-02-03,TITAN.NS,2023-01-30,2463.1,2462.55,2432.995,2426.104,2438.238333,2448.834286,2464.55
2023-02-13,TITAN.NS,2023-02-13,2519.05,2500.3,2403.555,2424.004,2441.348333,2460.748571,2475.65875
2023-03-16,TITAN.NS,2023-03-13,2450.35,2508.15,2559.79,2578.4,2603.613333,2627.761429,2637.46
2023-04-05,TITAN.NS,2023-04-03,2572.7,2587.9,2659.61,2677.916,2683.375,2703.661429,2725.6375
2023-05-05,TITAN.NS,2023-05-01,2732.9,2757.85,2786.5125,2807.466,2834.163333,2855.305714,2884.9725
2023-05-29,TITAN.NS,2023-05-29,2812.25,2861.65,2938.2425,2969.412,2986.438333,2986.572857,2989.01375
2023-06-16,TITAN.NS,2023-06-12,2954.3,2970.25,3036.755,3029.63,3017.678333,3009.082857,3013.50375
2023-06-30,TITAN.NS,2023-06-26,3047.65,3106.4,3019.7975,3002.826,3007.728333,3016.69,3023.044872
2023-08-11,TITAN.NS,2023-08-07,3017.25,3050.45,,,,,
2023-04-03,DMART.NS,2023-04-03,3553.75,3454.2,3539.8425,3529.832,3512.133333,3509.962857,3513.39375
2023-05-08,DMART.NS,2023-05-08,3677.85,3677.55,3484.6725,3548.356,3604.906667,3642.784286,3664.1825
2023-06-09,DMART.NS,2023-06-05,3632.1,3917.7,3861.8925,3827.53,3805.113333,3791.768571,3769.4425
2023-06-14,DMART.NS,2023-06-12,3704.85,3986.9,3814.2775,3787.918,3777.056667,3759.464286,3731.145
2023-01-12,ULTRACEMCO.NS,2023-01-09,7153.35,7283.45,7070.92,7114.654,7136.478333,7149.928571,7147.05875
2023-05-29,ULTRACEMCO.NS,2023-05-29,7840.55,7850.65,8212.07,8245.132,8244.741667,8240.304286,8251.73625
2023-06-06,ULTRACEMCO.NS,2023-06-05,8109.55,8198.6,8292.6525,8276.684,8273.426667,8278.574286,8266.61
2023-02-09,BAJAJFINSV.NS,2023-02-06,1400.25,1420.8,1351.93,1337.536,1321.795,1318.522857,1320.47125
2023-04-06,BAJAJFINSV.NS,2023-04-03,1303.95,1341.3,1364.775,1375.312,1385.418333,1395.592857,1405.04125
2023-04-13,BAJAJFINSV.NS,2023-04-10,1341.3,1332.1,1381.5,1390.928,1401.568333,1411.31,1420.29375
2023-04-27,BAJAJFINSV.NS,2023-04-24,1360,1374.45,1424.325,1433.042,1439.995,1451.381429,1459.54375
2023-06-16,BAJAJFINSV.NS,2023-06-12,1508.6,1507.65,1587.775,1595.508,1585.51,1575.127143,1562.41625
2023-07-04,BAJAJFINSV.NS,2023-07-03,1629.5,1597.8,1593.72,1576.488,1558.838333,1548.888571,1545.986486
2023-01-18,WIPRO.NS,2023-01-16,403.2,406.6,404.035,401.452,399.7083333,396.9671429,393.295
2023-04-24,WIPRO.NS,2023-04-24,377.95,385,388.1675,391.432,392.7,392.0971429,390.86375
2023-05-22,WIPRO.NS,2023-05-22,395.75,401.7,394.505,392.678,392.96,393.9228571,396.22125
2023-06-30,WIPRO.NS,2023-06-26,389.15,396.2,403.1075,405.398,407.035,408.0114286,408.0038462
2023-07-14,WIPRO.NS,2023-07-10,405.05,417.65,408.6975,409.732,409.4844828,,
2023-04-12,ADANIENT.NS,2023-04-10,1847.25,1853.85,1886.4275,1986.298,2073.926667,2125.69,2168.51125
2023-05-22,ADANIENT.NS,2023-05-22,2326.1,2544.35,2445.06,2421.57,2417.295,2413.61,2414.28125
2023-01-19,ONGC.NS,2023-01-16,151.75,152.45,148.41,149.574,150.7383333,151.1185714,151.16875
2023-02-16,ONGC.NS,2023-02-13,155.9,153.6,154.19,153.242,153.48,154.3185714,155.04875
2023-06-14,ONGC.NS,2023-06-12,157.85,157.25,162.8425,164.462,166.135,167.22,168.58375
2023-07-12,ONGC.NS,2023-07-10,167.65,166.9,173.775,174.25,174.3566667,174.35,
2023-05-02,NTPC.NS,2023-05-01,175.6,177.05,175.3775,176.434,178.1383333,179.2928571,180.545
2023-06-08,NTPC.NS,2023-06-05,182.05,187.2,189.19,189.222,190.8583333,194.8128571,197.7
2023-07-21,NTPC.NS,2023-07-17,195.1,201.95,217.8775,218.2520833,,,
2023-03-29,JSWSTEEL.NS,2023-03-27,678.9,682.7,722.8175,720.09,716.3983333,714.0885714,712.87125
2023-04-11,JSWSTEEL.NS,2023-04-10,713.6,719.35,720.79,716.256,713.595,713.23,718.42875
2023-06-07,JSWSTEEL.NS,2023-06-05,729.75,756.65,778.0375,781.948,783.8616667,787.3042857,790.09625
2023-01-09,M&M.NS,2023-01-09,1310.35,1328.15,1344.3075,1347.382,1340.256667,1329.715714,1316.4775
2023-01-31,M&M.NS,2023-01-30,1378.75,1376,1324.215,1304.134,1281.006667,1262.178571,1249.39625
2023-05-09,M&M.NS,2023-05-08,1245.45,1285.65,1319.245,1333.434,1341.871667,1355.627143,1378.9025
2023-05-29,M&M.NS,2023-05-29,1330.15,1341.4,1397.185,1421.914,1444.596667,1458.078571,1463.34375
2023-06-05,M&M.NS,2023-06-05,1395.4,1370.65,1429.1575,1454.928,1468.935,1473.401429,1475.21
2023-06-30,M&M.NS,2023-06-26,1453.6,1548.8,1527.4625,1524.826,1530.356667,1531.555714,1535.208974
2023-07-06,M&M.NS,2023-07-03,1548.8,1570.85,1515.97,1524.088,1527.618333,1531.922857,
2023-08-09,M&M.NS,2023-08-07,1534.75,1570.6,,,,,
2023-05-19,LTIM.NS,2023-05-15,4803,4910.55,4956.6525,4984.812,5020.568333,5009.761429,5009.39875
2023-05-25,LTIM.NS,2023-05-22,4910.55,4998.4,4972.1725,5020.914,5008.963333,5013.53,4996.675
2023-06-16,LTIM.NS,2023-06-12,5010.6,5026.05,5062.145,5022.306,5003.45,5015.748571,5031.81625
2023-01-10,TATAMOTORS.NS,2023-01-09,412.9,413,431.86,433.694,432.38,432.15,431.0925
2023-01-24,TATAMOTORS.NS,2023-01-23,422.15,452.1,437.6425,436.268,434.1716667,431.4071429,428.94375
2023-04-06,TATAMOTORS.NS,2023-04-03,437.65,469.5,487.4975,493.7,498.1983333,503.0971429,510.45625
2023-05-08,TATAMOTORS.NS,2023-05-08,500.5,515.95,531.75,538.796,544.32,549.4285714,556.18375
2023-06-01,TATAMOTORS.NS,2023-05-29,535.2,567.95,574.875,584.198,590.09,596.6271429,601.17
2023-06-30,TATAMOTORS.NS,2023-06-26,595.55,600.8,627.465,624.876,622.9783333,621.7142857,619.9
2023-01-16,ADANIGREEN.NS,2023-01-16,2089.8,1975.6,1028.22,925.266,860.435,833.9457143,831.54625
2023-03-15,ADANIGREEN.NS,2023-03-13,740.4,891.05,923.2975,926.576,927.1,921.9242857,920.77
2023-03-21,ADANIGREEN.NS,2023-03-20,891.05,984.9,912.8775,919.106,915.3666667,911.7085714,919.8675
2023-04-10,ADANIGREEN.NS,2023-04-10,899.15,962.55,921.29,919.57,928.4066667,936.7742857,940.7175
2023-05-22,ADANIGREEN.NS,2023-05-22,941.75,963.35,972.5125,969.062,966.4466667,965.4471429,967.84375
2023-07-20,ADANIGREEN.NS,2023-07-17,985,1140.4,1008.91,1000.456,,,
2023-07-25,ADANIGREEN.NS,2023-07-24,1088.05,1093.3,990.3575,986.65,,,
2023-04-12,ADANIPORTS.NS,2023-04-10,657.75,658.4,679.85,687.664,695.3633333,701.7671429,706.39
2023-05-22,ADANIPORTS.NS,2023-05-22,729.7,726.85,738.3675,736.356,735.74,734.3042857,733.91
2023-07-25,ADANIPORTS.NS,2023-07-24,749.25,777.85,802.6525,802.9068182,,,
2023-01-19,COALINDIA.NS,2023-01-16,223.95,226.15,217.045,217.276,218.4583333,218.8,218.19625
2023-03-02,COALINDIA.NS,2023-02-27,222.85,224.8,217.62,219.912,221.6316667,223.55,225.08875
2023-04-03,COALINDIA.NS,2023-04-03,220.15,223.65,232.5575,233.842,234.8333333,235.6714286,234.8925
2023-06-30,COALINDIA.NS,2023-06-26,231,234.6,231.2325,231.65,231.7616667,231.4728571,231.275641
2023-04-11,TATASTEEL.NS,2023-04-10,107.55,107.6,108.135,107.534,107.3633333,107.5642857,107.98125
2023-06-14,TATASTEEL.NS,2023-06-12,113.8,114.25,113.4425,114.284,115.4266667,115.92,116.19125
2023-07-10,TATASTEEL.NS,2023-07-10,115.3,117.15,118.985,118.502,118.3933333,118.6772727,
2023-01-12,HINDZINC.NS,2023-01-09,345.1,361.35,338.8775,335.042,331.0883333,328.0671429,324.7425
2023-08-30,HINDZINC.NS,2023-08-28,319.95,,,,,,
2023-04-18,PIDILITIND.NS,2023-04-17,2432.5,2421.15,2493.2525,2507.13,2527.758333,2544.697143,2562.1925
2023-06-01,PIDILITIND.NS,2023-05-29,2651.55,2654.85,2641.82,2636.988,2640.281667,2638.6,2635.69625
2023-06-13,PIDILITIND.NS,2023-06-12,2686.65,2673.3,2626.215,2632.346,2629.833333,2627.155714,2617.39625
2023-02-07,SIEMENS.NS,2023-02-06,3118.05,3129.4,3233.0125,3244.018,3254.29,3267.012857,3276.91125
2023-03-08,SIEMENS.NS,2023-03-06,3287.45,3252.9,3320.81,3311.322,3331.706667,3373.121429,3429.18
2023-04-26,SIEMENS.NS,2023-04-24,3447.65,3540.9,3649.6625,3633.694,3643.878333,3665.728571,3669.42
2023-06-07,SIEMENS.NS,2023-06-05,3653.9,3734.4,3739.7425,3733.084,3724.246667,3743.715714,3748.66375
2023-08-23,SIEMENS.NS,2023-08-21,3718.35,3865.35,,,,,
2023-01-12,SBILIFE.NS,2023-01-09,1315.7,1310.65,1199.9175,1188.934,1177.128333,1168.388571,1156.1125
2023-06-07,SBILIFE.NS,2023-06-05,1245.8,1243.3,1283.77,1289.966,1292.16,1290.725714,1292.4575
2023-06-16,SBILIFE.NS,2023-06-12,1281.35,1276.5,1297.0925,1297.56,1292.833333,1298.06,1296.64875
2023-04-27,IOC.NS,2023-04-24,80.45,83.3,86.93,87.518,88.26833333,88.8,88.92125
2023-05-16,IOC.NS,2023-05-15,87,87.15,90.6175,90.684,90.9,91.88,92.53625
2023-07-03,IOC.NS,2023-07-03,95.25,99.2,96.86,96.146,95.50666667,94.98,94.63289474
2023-01-24,BAJAJ-AUTO.NS,2023-01-23,3686.5,3818.25,3838.56,3819.374,3812.703333,3818.01,3819.99125
2023-04-03,BAJAJ-AUTO.NS,2023-04-03,3993.75,4177.4,4389.44,4419.144,4438.158333,4462.338571,4496.71625
2023-04-11,BAJAJ-AUTO.NS,2023-04-10,4177.4,4209.25,4446.1,4458.512,4483.343333,4515.144286,4545.7475
2023-05-08,BAJAJ-AUTO.NS,2023-05-08,4549.25,4538.9,4614.2175,4636.146,4634.928333,4634.087143,4658.95375
2023-06-07,BAJAJ-AUTO.NS,2023-06-05,4780.75,4755.95,4717.215,4743.51,4764.043333,4781.492857,4771.93375
2023-07-05,BAJAJ-AUTO.NS,2023-07-03,4890.05,4917.65,4837.2475,4794.578,4767.928333,4748.344286,4744.606944
2023-04-06,GRASIM.NS,2023-04-03,1669.05,1701.1,1726.595,1724.962,1720.843333,1720.465714,1722.77125
2023-06-14,GRASIM.NS,2023-06-12,1779.35,1769.1,1758.92,1771.346,1781.27,1789.708571,1793.17875
2023-01-16,TECHM.NS,2023-01-16,1034.45,1046.5,1043.0875,1059.346,1066.526667,1069.841429,1075.21
2023-02-15,TECHM.NS,2023-02-13,1071.4,1134.45,1105.59,1102.704,1102.538333,1097.894286,1086.59625
2023-03-13,TECHM.NS,2023-03-13,1133.8,1127.15,1082.7225,1066.23,1061.811667,1059.487143,1059.4675
2023-05-19,TECHM.NS,2023-05-15,1072.15,1098.1,1097.1325,1101.612,1110.666667,1119.768571,1134.365
2023-07-14,TECHM.NS,2023-07-10,1228.65,1252.95,1176.685,1182.214,1184.043103,,
2023-08-09,TECHM.NS,2023-08-07,1228,1227.85,,,,,
2023-04-05,HDFCLIFE.NS,2023-04-03,507.75,517.05,539.205,543.286,547.57,552.6357143,556.65375
2023-04-13,HDFCLIFE.NS,2023-04-10,531.85,530.25,546.4775,550.98,556.3216667,560.3871429,563.8875
2023-05-25,HDFCLIFE.NS,2023-05-22,572.05,592.35,608.3875,618.056,626.7533333,631.8985714,634.74375
2023-02-02,BRITANNIA.NS,2023-01-30,4573.05,4594.8,4473.2225,4437.212,4412.551667,4388.275714,4377.12
2023-04-27,BRITANNIA.NS,2023-04-24,4415.85,4587.05,4587.535,4622.442,4673.241667,4725.03,4757.2275
2023-06-07,BRITANNIA.NS,2023-06-05,4893.15,4940.1,5027.06,5041.53,5032.53,5004.954286,4965.92125
2023-06-14,VEDL.NS,2023-06-12,281,282.65,279.895,279.42,278.8833333,273.99,269.405
2023-02-02,GODREJCP.NS,2023-01-30,939.7,940.7,926.55,924.69,929.0666667,933.6528571,937.725
2023-05-25,GODREJCP.NS,2023-05-22,1029.4,1058.35,1054.2,1058.588,1058.865,1058.178571,1055.81375
2023-01-17,DABUR.NS,2023-01-16,556.55,564.4,543.885,541.774,540.1783333,538.11,537.85125
2023-05-26,DABUR.NS,2023-05-22,542.1,556.9,562.495,566.736,569.0116667,569.9385714,570.3
2023-06-14,DABUR.NS,2023-06-12,562.35,572.1,576.5525,575.336,574.9633333,573.5285714,572.49
2023-03-08,ATGL.NS,2023-03-06,861.35,947.2,908.4725,911.4,915.3816667,912.8971429,899.42375
2023-03-31,SHREECEM.NS,2023-03-27,26186.95,26000.75,24622.36,24619.368,24570.08,24638.28571,24723.87875
2023-02-15,HAL.NS,2023-02-13,1241.28,1311.12,1349.028,1339.7848,1345.642667,1354.86,1360.86775
2023-03-01,HAL.NS,2023-02-27,1342.12,1431.62,1357.3945,1367.9484,1373.777333,1385.296857,1396.28125
2023-04-28,HAL.NS,2023-04-24,1460.1,1472.18,1522.6365,1567.0084,1615.726333,1655.814857,1681.92075
2023-05-16,HAL.NS,2023-05-15,1548.38,1549.65,1687.3915,1725.3356,1748.907333,1769.339714,1788.1785
2023-06-02,HAL.NS,2023-05-29,1583.97,1763.7,1872.0925,1882.2428,1888.839333,1895.607143,1897.204
2023-01-11,HINDALCO.NS,2023-01-09,490.95,487.9,462.9975,456.784,449.845,444.4042857,438.89625
2023-03-31,HINDALCO.NS,2023-03-27,405.35,411.45,432.105,427.942,424.5566667,422.6685714,421.95875
2023-04-28,HINDALCO.NS,2023-04-24,436.1,434.25,415.0125,415.656,416.8216667,417.4071429,417.65125
2023-07-13,HINDALCO.NS,2023-07-10,435.2,439.2,453.2675,452.894,453.0433333,,
2023-02-07,VBL.NS,2023-02-06,652.05,642.03,656.927,657.8296,661.1123333,666.7588571,673.1765
2023-05-26,VBL.NS,2023-05-22,850.97,844.5,811.0065,812.1272,814.9376667,815.2508571,814.1945
2023-08-16,VBL.NS,2023-08-14,890.35,906,,,,,
2023-03-17,DLF.NS,2023-03-13,375.25,367.65,391.1125,397.868,403.6433333,411.8557143,419.39
2023-04-05,DLF.NS,2023-04-03,367.05,406.55,422.7725,431.882,438.7966667,444.6442857,450.3025
2023-04-10,DLF.NS,2023-04-10,405.5,415.35,428.3425,436.582,443.0883333,449.0842857,454.445
2023-05-15,DLF.NS,2023-05-15,468.15,471.9,484.965,484.626,484.8066667,487.1914286,488.175
2023-06-19,BANKBARODA.NS,2023-06-19,193.75,192.2,199.295,199.294,198.4083333,197.5557143,196.59875
2023-07-03,BANKBARODA.NS,2023-07-03,199.1,209,198.9375,197.664,196.32,195.57,195.1289474
2023-03-03,INDUSINDBK.NS,2023-02-27,1126.4,1144.8,1045.555,1061.53,1072.03,1080.532857,1091.35625
2023-03-29,INDUSINDBK.NS,2023-03-27,1057.1,1082,1119.6375,1136.05,1154.355,1171.772857,1187.12
2023-05-09,INDUSINDBK.NS,2023-05-08,1140.6,1219.55,1279.12,1286.176,1287.861667,1296.86,1307.1225
2023-05-30,INDUSINDBK.NS,2023-05-29,1293.25,1301.8,1319.6125,1331.482,1339.751667,1351.307143,1358.83375
2023-06-30,INDUSINDBK.NS,2023-06-26,1374.65,1390.2,1395.855,1399.382,1396.58,1397.818571,1397.534615
2023-04-28,EICHERMOT.NS,2023-04-24,3301.1,3355.1,3593.385,3608.486,3601.368333,3593.372857,3590.05375
2023-05-10,EICHERMOT.NS,2023-05-08,3416.75,3633.2,3644.025,3623.396,3611.351667,3594.251429,3548.11
2023-03-28,DRREDDY.NS,2023-03-27,4526.8,4682.8,4870.5225,4829.106,4766.563333,4730.51,4708.84625
2023-04-10,DRREDDY.NS,2023-04-10,4759.65,4852.3,4821.705,4745.954,4709.271667,4690.911429,4688.7375
2023-06-02,DRREDDY.NS,2023-05-29,4610.45,4649.4,4958.8825,4996.878,5039.718333,5102.122857,5171.2825
2023-06-15,DRREDDY.NS,2023-06-12,4803.45,4910.4,5137.54,5193.55,5268.306667,5334.558571,5399.22125
2023-06-30,DRREDDY.NS,2023-06-26,5159.6,5231.8,5360.33,5434.678,5504.208333,5560.068571,5573.325641
2023-08-09,DRREDDY.NS,2023-08-07,5871,5857.85,,,,,
2023-04-12,DIVISLAB.NS,2023-04-10,3212.1,3342.6,3269.6325,3278.422,3312.646667,3340.942857,3358.8725
2023-03-15,BPCL.NS,2023-03-13,330.3,358.55,339.9225,342.772,346.6216667,349.2728571,350.9625
2023-04-19,BPCL.NS,2023-04-17,342,347.5,362.7925,362.762,362.49,363.2585714,364.74375
2023-05-04,BPCL.NS,2023-05-01,368.35,372.15,362.4925,363.568,365.4966667,365.0542857,366.835
2023-08-22,HAVELLS.NS,2023-08-21,1319.25,1315.9,,,,,
2023-03-08,ADANIPOWER.NS,2023-03-06,186.6,204.35,192.5625,192.934,197.1766667,202.97,207.4425
2023-06-07,ADANIPOWER.NS,2023-06-05,274.85,267.8,252.5375,250.712,250.245,252.3742857,255.42875
2023-08-03,ADANIPOWER.NS,2023-07-31,274.85,277.15,,,,,
2023-01-11,INDIGO.NS,2023-01-09,2107.35,2081.25,2077.0775,2035.63,2004.903333,1985.435714,1970.8575
2023-04-17,INDIGO.NS,2023-04-17,1937,1987.65,2168.4825,2194.644,2224.743333,2254.095714,2271.63125
2023-05-02,INDIGO.NS,2023-05-01,2067.4,2199.85,2297.215,2323.814,2335.575,2354.061429,2382.76125
2023-06-02,INDIGO.NS,2023-05-29,2385.75,2447.05,2503.65,2540.73,2565.285,2569.151429,2565.2475
2023-05-25,CIPLA.NS,2023-05-22,945.45,953.05,987.8175,992.68,997.5016667,1003.192857,1012.60875
2023-07-20,CIPLA.NS,2023-07-17,1056.55,1068.5,1218.715,1221.444,,,
2023-04-05,AMBUJACEM.NS,2023-04-03,379.95,396.05,392.31,394.488,399.315,403.6642857,409.74
2023-05-22,AMBUJACEM.NS,2023-05-22,423.9,424.55,446.49,443.652,440.8433333,437.62,435.29875
2023-06-06,AMBUJACEM.NS,2023-06-05,459.15,456.3,438.93,434.658,432.8533333,435.9485714,440.1375
2023-04-21,SRF.NS,2023-04-17,2477,2495.5,2516.92,2516.51,2516.301667,2493.912857,2479.385
2023-04-28,SRF.NS,2023-04-24,2540.25,2529.7,2508.55,2509.892,2484.84,2469.532857,2448.81875
2023-08-02,SRF.NS,2023-07-31,2265.4,2277.95,2312.6375,,,,
2023-08-29,SRF.NS,2023-08-28,2374.35,,,,,,
2023-04-25,ABB.NS,2023-04-24,3336.1,3442.15,3861.4025,3896.432,3943.221667,4000.02,4036.43
2023-05-04,ABB.NS,2023-05-01,3645.35,3815.45,3965.95,4016.144,4070.808333,4100.251429,4137.3625
2023-06-13,ABB.NS,2023-06-12,4319.8,4327.65,4380.535,4367.566,4385.88,4394.228571,4400.13125
2023-03-31,BEL.NS,2023-03-27,97.55,99.9,103.4775,104.392,105.0583333,105.9114286,107.12125
2023-05-03,BEL.NS,2023-05-01,106.35,107.55,110.265,112.098,114.0333333,115.06,115.97
2023-06-05,BEL.NS,2023-06-05,115.65,120.35,122.47,123.37,123.84,124.4671429,124.82375
2023-08-22,BEL.NS,2023-08-21,133.3,134.9,,,,,
2023-03-31,SBICARD.NS,2023-03-27,740.2,739.5,777.475,797.194,812.4433333,825.9814286,837.695
2023-05-04,SBICARD.NS,2023-05-01,796.55,824.25,897.915,902.862,902.74,896.75,889.80375
2023-05-11,SBICARD.NS,2023-05-08,865.65,879.4,909.56,908.074,900.1966667,891.7657143,884.80625
2023-05-30,SBICARD.NS,2023-05-29,917.05,919.8,890.5175,879.778,873.2583333,871.4142857,870.5575
2023-01-20,GAIL.NS,2023-01-16,99,99.15,95.8825,97.446,99.545,100.9971429,101.4475
2023-02-23,GAIL.NS,2023-02-20,98.05,103.4,107.2425,106.926,107.2583333,107.5285714,107.58875
2023-03-06,GAIL.NS,2023-03-06,109.05,110.2,106.57,107.052,107.3866667,107.4328571,107.63125
2023-04-12,GAIL.NS,2023-04-10,108.6,108.25,108.695,108.324,107.8933333,107.4542857,107.31
2023-06-13,GAIL.NS,2023-06-12,107.05,108,107.4625,108.366,109.9583333,110.76,111.37
2023-07-25,GAIL.NS,2023-07-24,116.4,119.1,116.03,115.9863636,,,
2023-08-22,GAIL.NS,2023-08-21,117.05,117.35,,,,,
2023-04-28,BAJAJHLDNG.NS,2023-04-24,6847.95,6814.4,6823.1975,6837.566,6850.523333,6863.68,6881.9575
2023-05-24,BAJAJHLDNG.NS,2023-05-22,6934.45,7078,6946.695,6975.512,7023.398333,7085.041429,7132.55
2023-06-30,BAJAJHLDNG.NS,2023-06-26,7004.55,7153.8,7416.265,7421.826,7385.98,7345.734286,7349.997436
2023-04-24,TATACONSUM.NS,2023-04-24,732.55,763.85,781.2525,783.87,787.36,796.7985714,803.8075
2023-05-26,TATACONSUM.NS,2023-05-22,789.7,793.65,835.6675,838.078,838.3333333,841.3485714,844.05375
2023-06-14,TATACONSUM.NS,2023-06-12,862.5,858.9,849.1575,852.566,852.755,851.38,850.385
2023-05-29,ICICIPRULI.NS,2023-05-29,461.8,471.8,537.2825,545.11,552.9233333,554.0257143,556.92
2023-06-06,ICICIPRULI.NS,2023-06-05,496.7,503.4,561.035,566.446,565.5533333,567.1485714,568.19
2023-06-16,ICICIPRULI.NS,2023-06-12,534.2,562.55,575.255,575.268,575.1183333,575.0628571,571.1625
2023-06-20,ICICIPRULI.NS,2023-06-19,563.25,564.05,576.605,576.628,576.4366667,574.5114286,570.5775
2023-07-10,ICICIPRULI.NS,2023-07-10,595,587.85,571.8825,566.278,563.1566667,562.930303,
2023-02-01,CHOLAFIN.NS,2023-01-30,749.8,781.4,770.3025,766.218,763.7816667,759.5328571,764.42
2023-04-05,CHOLAFIN.NS,2023-04-03,782.65,820.25,897.4775,922.83,944.8816667,959.4928571,972.21375
2023-05-18,CHOLAFIN.NS,2023-05-15,1042.3,1052.2,1077.675,1080.366,1095.316667,1103.398571,1110.56875
2023-06-13,CHOLAFIN.NS,2023-06-12,1101.8,1132.25,1139.8325,1141.32,1140.355,1131.187143,1120.14125
2023-05-08,MARICO.NS,2023-05-08,530.7,541.5,538.5975,539.208,537.705,536.6214286,535.465
2023-04-28,APOLLOHOSP.NS,2023-04-24,4513.7,4602.5,4604.2775,4674.226,4738.641667,4791.328571,4829.64375
2023-05-05,APOLLOHOSP.NS,2023-05-01,4602.5,4595.3,4675.71,4741.778,4807.876667,4848.642857,4884.6975
2023-06-01,APOLLOHOSP.NS,2023-05-29,4814.25,5026.45,5082.705,5105.99,5119.15,5129.818571,5127.2375
2023-06-15,APOLLOHOSP.NS,2023-06-12,5218.75,5118.75,5149.5875,5158.436,5150.225,5126.532857,5095.96625
2023-06-08,TATAPOWER.NS,2023-06-05,220.65,224.15,222.705,222.312,221.8133333,224.0385714,225.39375
2023-07-06,TATAPOWER.NS,2023-07-03,229.6,226.3,227.3175,228.732,230.8866667,233.0428571,
2023-07-28,TATAPOWER.NS,2023-07-24,234.65,235.45,239.3368421,,,,
2023-08-21,TATAPOWER.NS,2023-08-21,239.35,245.6,,,,,
2023-02-01,BOSCHLTD.NS,2023-01-30,17118.05,17414.9,17977.6025,18016.986,18052.995,18123.47143,18240.15125
2023-03-29,BOSCHLTD.NS,2023-03-27,18977.15,18795,18992.225,19035.528,19020.245,18969.09571,18939.79875
2023-04-27,BOSCHLTD.NS,2023-04-24,19117.8,19193.25,18955.355,18934.032,18942.025,18952.56429,18918.31625
2023-06-13,BERGEPAINT.NS,2023-06-12,557.62,563,561.5175,563.234,564.1396667,567.6182857,569.37325
2023-04-11,JINDALSTEL.NS,2023-04-10,562.9,566.5,578.5425,566.93,559.2016667,554.05,551.13375
2023-04-19,JINDALSTEL.NS,2023-04-17,579.85,575.65,564.1775,555.454,550.0683333,547.3042857,549.72625
2023-06-16,JINDALSTEL.NS,2023-06-12,544.2,584.1,613.055,621.514,627.3783333,634.0085714,636.00875
2023-07-03,JINDALSTEL.NS,2023-07-03,595.05,610.2,644.3725,650.256,650.215,650.3542857,652.5473684
2023-07-25,JINDALSTEL.NS,2023-07-24,664.7,668.75,658.3,660.1863636,,,
2023-08-29,JINDALSTEL.NS,2023-08-28,676.3,,,,,,
2023-03-14,MCDOWELL-N.NS,2023-03-13,768.35,765.85,758.575,761.176,765.3,769.7857143,774.47
2023-02-14,UPL.NS,2023-02-13,761.6,757.95,714.31,712.97,714.58,718.05,720.07375
2023-05-22,AWL.NS,2023-05-22,444.3,450.4,426.875,422.948,420.005,417.2514286,415.275
2023-04-05,ICICIGI.NS,2023-04-03,1093.05,1090.85,1087.46,1090.378,1089.721667,1105.928571,1122.425
2023-04-28,TORNTPHARM.NS,2023-04-24,1652.3,1649.75,1690.2475,1710.964,1730.85,1749.462857,1766.29
2023-05-25,TORNTPHARM.NS,2023-05-22,1701.35,1835.8,1831.5125,1843.462,1858.188333,1868.874286,1881.93
2023-05-31,TORNTPHARM.NS,2023-05-29,1835.8,1788.1,1853.435,1867.394,1878.541667,1890.608571,1902.73875
2023-04-13,CANBK.NS,2023-04-10,291.25,296.65,307.155,306.082,306.6566667,307.4785714,307.41375
2023-06-02,CANBK.NS,2023-05-29,313.75,312.3,308.5325,312.66,316.5083333,319.8042857,321.535
2023-07-03,CANBK.NS,2023-07-03,318.5,333.7,334.5375,334.304,333.38,332.6914286,332.0197368
2023-07-03,PNB.NS,2023-07-03,53.85,60.4,61.46,61.484,61.65166667,61.77714286,61.88421053
2023-01-25,TVSMOTOR.NS,2023-01-23,1037.9,1018.35,1080.6875,1081.832,1076.635,1072.685714,1070.58375
2023-04-11,TVSMOTOR.NS,2023-04-10,1128.85,1144.95,1180.4275,1194.5,1210.803333,1225.027143,1239.24
2023-05-04,TVSMOTOR.NS,2023-05-01,1169.05,1241.05,1273.7625,1286.756,1296.241667,1297.525714,1299.885
2023-01-09,ZYDUSLIFE.NS,2023-01-09,444.05,441.35,446.89,451.702,453.8533333,456.3085714,458.065
2023-02-06,ZYDUSLIFE.NS,2023-02-06,470.15,473.5,469.285,470.514,472.1583333,474.7685714,477.92
2023-06-14,ZYDUSLIFE.NS,2023-06-12,532.35,556.05,581.1725,588.5,596.575,604.5457143,610.295
2023-06-27,ZYDUSLIFE.NS,2023-06-26,570.7,574.1,607.99,615.548,621.9366667,625.7185714,626.61625
2023-07-19,ZYDUSLIFE.NS,2023-07-17,607.5,621.75,645.9625,643.35,642.6769231,,
2023-07-27,ZYDUSLIFE.NS,2023-07-24,649.5,628.6,645.105,,,,
2023-02-24,TIINDIA.NS,2023-02-20,2551.05,2811.6,2614.2,2610.666,2621.035,2609.48,2606.26125
2023-05-29,TIINDIA.NS,2023-05-29,2865.15,2884.2,3010.5025,3042.67,3078.361667,3095.844286,3097.5475
2023-06-15,TIINDIA.NS,2023-06-12,2978.5,3171.55,3197.815,3188.784,3168.693333,3145.978571,3104.55625
2023-06-21,TIINDIA.NS,2023-06-19,3171.55,3134.2,3194.12,3171.6,3148.276667,3105.201429,3066.45625
2023-02-03,TRENT.NS,2023-01-30,1235.65,1341.9,1323.945,1326.184,1326.843333,1328.374286,1332.53125
2023-02-09,TRENT.NS,2023-02-06,1341.9,1347.45,1324.755,1327.678,1327.746667,1332.42,1336.08875
2023-03-31,TRENT.NS,2023-03-27,1374.95,1358.7,1387.12,1408.68,1423.306667,1440.038571,1459.14
2023-05-05,TRENT.NS,2023-05-01,1416.8,1471.4,1537.02,1560.642,1585.656667,1608.518571,1624.3725
2023-05-11,TRENT.NS,2023-05-08,1471.4,1505.55,1566.39,1594.232,1617.693333,1636.252857,1642.38375
2023-06-13,TRENT.NS,2023-06-12,1685.65,1708.45,1716.6025,1715.832,1716.893333,1713.988571,1736.1225
2023-08-09,TRENT.NS,2023-08-07,1787.9,1956.55,,,,,
2023-08-01,IDBI.NS,2023-07-31,62.95,65.25,61.78529412,,,,
2023-04-28,NAUKRI.NS,2023-04-24,3776.2,3816.35,3972.83,4006.326,4060.328333,4111.215714,4151.095
2023-05-26,NAUKRI.NS,2023-05-22,4197.75,4218.65,4318.8575,4343.97,4371.35,4415.561429,4435.40875
2023-07-13,NAUKRI.NS,2023-07-10,4625.5,4679.5,4584.02,4505.3,4466.023333,,
2023-04-06,SHRIRAMFIN.NS,2023-04-03,1303.85,1296.6,1354.485,1350.688,1355.596667,1363.114286,1370.16875
2023-04-03,HEROMOTOCO.NS,2023-04-03,2431.1,2469.85,2507.7375,2543.866,2572.791667,2601.292857,2640.9025
2023-05-09,HEROMOTOCO.NS,2023-05-08,2591.55,2691.9,2800.6625,2814.2,2814.398333,2827.394286,2866.59
2023-05-15,HEROMOTOCO.NS,2023-05-15,2691.9,2713,2835.765,2828.944,2835.73,2877.254286,2904.65875
2023-06-01,HEROMOTOCO.NS,2023-05-29,2800.4,2958,2903.5175,2943.872,2970.83,2993.827143,3005.2025
2023-07-04,HEROMOTOCO.NS,2023-07-03,3029.8,3123.7,3088.23,3077.438,3057.468333,3040.981429,3035.193243
2023-03-31,INDHOTEL.NS,2023-03-27,324.35,328,344.16,347.638,351.5783333,356.2014286,360.8325
2023-04-20,INDHOTEL.NS,2023-04-17,335.1,340.95,362.89,367.704,371.465,374.0485714,376.62625
2023-05-03,INDHOTEL.NS,2023-05-01,354.9,374.25,376.28,378.61,381.4633333,382.0257143,382.46125
2023-04-18,PIIND.NS,2023-04-17,3153.3,3112.95,3337.89,3361.614,3392.673333,3434.548571,3488.08625
2023-04-28,PIIND.NS,2023-04-24,3384.5,3443.2,3416.9875,3455.692,3515.695,3567.168571,3604.0325
2023-06-07,PIIND.NS,2023-06-05,3679.4,3761.45,3829.3425,3792.118,3764.006667,3743.575714,3748.025
2023-08-02,PIIND.NS,2023-07-31,3684.7,3850.75,3741.3625,,,,
2023-07-31,IRCTC.NS,2023-07-31,640.65,653.55,655.6861111,,,,
2023-01-09,CGPOWER.NS,2023-01-09,289.45,308.55,308.9575,311.862,312.36,310.9142857,309.04125
2023-02-10,CGPOWER.NS,2023-02-06,327.85,323.75,303.72,301.46,300.5183333,299.4457143,299.5575
2023-05-09,CGPOWER.NS,2023-05-08,320.5,332.15,368.9,370.336,370.5883333,371.4485714,373.73125
2023-08-17,CGPOWER.NS,2023-08-14,412.4,417,,,,,