,Breakout Date,Breakout Price,Symbol,Entry Date,Entry Price,Exit Date,Exit Price,Exit On,Holding Duration,Stop Loss,Stocks Purchased,initial-investment,Profit/Loss,Final amount
0,2023-04-25,3336.1,ABB.NS,2023-05-02,3442.15,2023-06-26,4285.35,40th Day,40.0,3270.0425,7.0,25000,5902.4000000000015,30902.4
1,2023-05-04,3645.35,ABB.NS,2023-05-10,3815.45,2023-07-05,4390.6,40th Day,40.0,3624.6775,6.0,25000,3450.9000000000033,28450.9
2,2023-06-13,4319.8,ABB.NS,2023-06-19,4327.65,2023-08-14,4354.7,40th Day,40.0,4111.267499999999,5.0,25000,135.2500000000009,25135.25
3,2023-04-12,1847.25,ADANIENT.NS,2023-04-19,1853.85,2023-06-14,2457.15,40th Day,40.0,1761.1574999999998,13.0,25000,7842.900000000002,32842.9
4,2023-05-22,2326.1,ADANIENT.NS,2023-05-26,2544.35,2023-06-19,2417.1324999999997,Stop Loss,17.0,2417.1324999999997,9.0,25000,-1144.9575000000018,23855.0425
5,2023-01-16,2089.8,ADANIGREEN.NS,2023-01-20,1975.6,2023-01-25,1876.82,Stop Loss,4.0,1876.82,12.0,25000,-1185.3599999999997,23814.64
6,2023-03-15,740.4,ADANIGREEN.NS,2023-03-21,891.05,2023-04-03,846.4975,Stop Loss,9.0,846.4975,28.0,25000,-1247.4700000000003,23752.53
7,2023-03-21,891.05,ADANIGREEN.NS,2023-03-27,984.9,2023-03-28,935.655,Stop Loss,2.0,935.655,25.0,25000,-1231.125,23768.875
8,2023-04-10,899.15,ADANIGREEN.NS,2023-04-17,962.55,2023-04-24,914.4224999999999,Stop Loss,6.0,914.4224999999999,25.0,25000,-1203.1875000000014,23796.8125
9,2023-05-22,941.75,ADANIGREEN.NS,2023-05-26,963.35,2023-07-21,995.55,40th Day,40.0,915.1825,25.0,25000,804.9999999999983,25805.0
10,2023-07-20,985.0,ADANIGREEN.NS,2023-07-26,1140.4,2023-08-02,1083.38,Stop Loss,6.0,1083.38,21.0,25000,-1197.4199999999996,23802.58
11,2023-07-25,1088.05,ADANIGREEN.NS,2023-07-31,1093.3,2023-08-03,1038.635,Stop Loss,4.0,1038.635,22.0,25000,-1202.6299999999992,23797.370000000003
12,2023-04-12,657.75,ADANIPORTS.NS,2023-04-19,658.4,2023-06-14,739.35,40th Day,40.0,625.4799999999999,37.0,25000,2995.1500000000015,27995.15
13,2023-05-22,729.7,ADANIPORTS.NS,2023-05-26,726.85,2023-07-21,728.45,40th Day,40.0,690.5074999999999,34.0,25000,54.40000000000077,25054.4
15,2023-03-08,186.6,ADANIPOWER.NS,2023-03-14,204.35,2023-03-20,194.1325,Stop Loss,5.0,194.1325,122.0,25000,-1246.535,23753.465
16,2023-06-07,274.85,ADANIPOWER.NS,2023-06-13,267.8,2023-06-23,254.41,Stop Loss,9.0,254.41,93.0,25000,-1245.2700000000013,23754.73
18,2023-04-05,379.95,AMBUJACEM.NS,2023-04-12,396.05,2023-04-21,376.2475,Stop Loss,7.0,376.2475,63.0,25000,-1247.5575000000006,23752.4425
19,2023-05-22,423.9,AMBUJACEM.NS,2023-05-26,424.55,2023-07-21,416.1,40th Day,40.0,403.3225,58.0,25000,-490.09999999999934,24509.9
20,2023-06-06,459.15,AMBUJACEM.NS,2023-06-12,456.3,2023-06-23,433.485,Stop Loss,10.0,433.485,54.0,25000,-1232.0099999999998,23767.99
21,2023-04-28,4513.7,APOLLOHOSP.NS,2023-05-05,4602.5,2023-06-30,5098.2,40th Day,40.0,4372.375,5.0,25000,2478.499999999999,27478.5
22,2023-05-05,4602.5,APOLLOHOSP.NS,2023-05-11,4595.3,2023-07-06,5283.05,40th Day,40.0,4365.535,5.0,25000,3438.75,28438.75
23,2023-06-01,4814.25,APOLLOHOSP.NS,2023-06-07,5026.45,2023-08-02,4996.75,40th Day,40.0,4775.1275,4.0,25000,-118.79999999999927,24881.2
24,2023-06-15,5218.75,APOLLOHOSP.NS,2023-06-21,5118.75,2023-08-14,4862.8125,Stop Loss,38.0,4862.8125,4.0,25000,-1023.75,23976.25
25,2023-05-04,2982.85,ASIANPAINT.NS,2023-05-10,3041.4,2023-07-05,3374.4,40th Day,40.0,2889.33,8.0,25000,2664.0,27664.0
26,2023-05-11,3139.75,ASIANPAINT.NS,2023-05-17,3092.45,2023-07-12,3406.75,40th Day,40.0,2937.8275,8.0,25000,2514.4000000000015,27514.4
27,2023-05-31,3192.95,ASIANPAINT.NS,2023-06-06,3212.75,2023-08-01,3342.95,40th Day,40.0,3052.1124999999997,7.0,25000,911.3999999999987,25911.399999999998
28,2023-06-13,3262.85,ASIANPAINT.NS,2023-06-19,3309.7,2023-08-14,3202.6,40th Day,40.0,3144.2149999999997,7.0,25000,-749.6999999999994,24250.3
29,2023-07-18,3513.45,ASIANPAINT.NS,2023-07-24,3543.7,2023-08-01,3366.515,Stop Loss,7.0,3366.515,7.0,25000,-1240.2949999999996,23759.705
30,2023-03-08,861.35,ATGL.NS,2023-03-14,947.2,2023-03-16,899.84,Stop Loss,3.0,899.84,26.0,25000,-1231.3600000000004,23768.64
31,2023-05-22,444.3,AWL.NS,2023-05-26,450.4,2023-06-09,427.87999999999994,Stop Loss,11.0,427.87999999999994,55.0,25000,-1238.6000000000022,23761.399999999998
32,2023-05-09,888.25,AXISBANK.NS,2023-05-15,915.8,2023-07-10,964.05,40th Day,40.0,870.0099999999999,27.0,25000,1302.75,26302.75
33,2023-01-24,3686.5,BAJAJ-AUTO.NS,2023-01-31,3818.25,2023-03-28,3791.6,40th Day,40.0,3627.3374999999996,6.0,25000,-159.90000000000055,24840.1
34,2023-04-03,3993.75,BAJAJ-AUTO.NS,2023-04-11,4177.4,2023-06-07,4780.75,40th Day,40.0,3968.5299999999993,5.0,25000,3016.750000000002,28016.75
35,2023-04-11,4177.4,BAJAJ-AUTO.NS,2023-04-18,4209.25,2023-06-13,4755.95,40th Day,40.0,3998.7875,5.0,25000,2733.499999999999,27733.5
36,2023-05-08,4549.25,BAJAJ-AUTO.NS,2023-05-12,4538.9,2023-07-07,4834.0,40th Day,40.0,4311.954999999999,5.0,25000,1475.5000000000018,26475.5
37,2023-06-07,4780.75,BAJAJ-AUTO.NS,2023-06-13,4755.95,2023-08-08,4650.15,40th Day,40.0,4518.152499999999,5.0,25000,-529.0000000000009,24471.0
38,2023-07-05,4890.05,BAJAJ-AUTO.NS,2023-07-11,4917.65,2023-08-07,4671.767499999999,Stop Loss,20.0,4671.767499999999,5.0,25000,-1229.412500000003,23770.587499999998
39,2023-02-09,1400.25,BAJAJFINSV.NS,2023-02-15,1420.8,2023-02-23,1349.76,Stop Loss,7.0,1349.76,17.0,25000,-1207.6799999999994,23792.32
40,2023-04-06,1303.95,BAJAJFINSV.NS,2023-04-13,1341.3,2023-06-09,1466.5,40th Day,40.0,1274.235,18.0,25000,2253.600000000001,27253.600000000002
41,2023-04-13,1341.3,BAJAJFINSV.NS,2023-04-20,1332.1,2023-06-15,1474.7,40th Day,40.0,1265.495,18.0,25000,2566.8000000000025,27566.800000000003
42,2023-04-27,1360.0,BAJAJFINSV.NS,2023-05-04,1374.45,2023-06-28,1518.85,40th Day,40.0,1305.7275,18.0,25000,2599.1999999999975,27599.199999999997
43,2023-06-16,1508.6,BAJAJFINSV.NS,2023-06-22,1507.65,2023-08-18,1460.15,40th Day,40.0,1432.2675,16.0,25000,-760.0,24240.0
44,2023-07-04,1629.5,BAJAJFINSV.NS,2023-07-10,1597.8,2023-08-03,1517.9099999999999,Stop Loss,19.0,1517.9099999999999,15.0,25000,-1198.3500000000015,23801.649999999998
45,2023-04-28,6847.95,BAJAJHLDNG.NS,2023-05-05,6814.4,2023-05-17,6473.679999999999,Stop Loss,9.0,6473.679999999999,3.0,25000,-1022.1600000000008,23977.84
46,2023-05-24,6934.45,BAJAJHLDNG.NS,2023-05-30,7078.0,2023-07-25,7504.1,40th Day,40.0,6724.099999999999,3.0,25000,1278.300000000001,26278.300000000003
47,2023-02-08,6351.65,BAJFINANCE.NS,2023-02-14,6458.7,2023-02-28,6135.764999999999,Stop Loss,11.0,6135.764999999999,3.0,25000,-968.8050000000012,24031.195
48,2023-04-25,6075.25,BAJFINANCE.NS,2023-05-02,6249.15,2023-06-26,6998.7,40th Day,40.0,5936.692499999999,4.0,25000,2998.2000000000007,27998.2
49,2023-05-08,6657.95,BAJFINANCE.NS,2023-05-12,6714.4,2023-07-07,7622.35,40th Day,40.0,6378.679999999999,3.0,25000,2723.850000000002,27723.850000000002
50,2023-05-26,6904.5,BAJFINANCE.NS,2023-06-01,7040.5,2023-07-27,7284.1,40th Day,40.0,6688.474999999999,3.0,25000,730.8000000000011,25730.800000000003
51,2023-05-30,7005.8,BAJFINANCE.NS,2023-06-05,7043.2,2023-07-31,7300.3,40th Day,40.0,6691.04,3.0,25000,771.3000000000011,25771.300000000003
52,2023-06-19,193.75,BANKBARODA.NS,2023-06-23,192.2,2023-08-21,190.9,40th Day,40.0,182.58999999999997,130.0,25000,-168.99999999999778,24831.000000000004
53,2023-07-03,199.1,BANKBARODA.NS,2023-07-07,209.0,2023-07-13,198.54999999999998,Stop Loss,5.0,198.54999999999998,119.0,25000,-1243.550000000002,23756.449999999997
54,2023-03-31,97.55,BEL.NS,2023-04-10,99.9,2023-06-06,118.05,40th Day,40.0,94.905,250.0,25000,4537.499999999998,29537.5
55,2023-05-03,106.35,BEL.NS,2023-05-09,107.55,2023-07-04,122.05,40th Day,40.0,102.1725,232.0,25000,3364.0,28364.0
56,2023-06-05,115.65,BEL.NS,2023-06-09,120.35,2023-08-04,127.6,40th Day,40.0,114.3325,207.0,25000,1500.75,26500.75
58,2023-06-13,557.62,BERGEPAINT.NS,2023-06-19,563.0,2023-08-14,582.79,40th Day,40.0,534.85,44.0,25000,870.7599999999984,25870.76
59,2023-06-23,854.8,BHARTIARTL.NS,2023-06-30,878.75,2023-08-25,873.5,40th Day,40.0,834.8125,28.0,25000,-147.0,24853.0
60,2023-02-01,17118.05,BOSCHLTD.NS,2023-02-07,17414.9,2023-04-06,18795.0,40th Day,40.0,16544.155,1.0,25000,1380.0999999999985,26380.1
61,2023-03-29,18977.15,BOSCHLTD.NS,2023-04-06,18795.0,2023-06-05,18872.65,40th Day,40.0,17855.25,1.0,25000,77.65000000000146,25077.65
62,2023-04-27,19117.8,BOSCHLTD.NS,2023-05-04,19193.25,2023-06-28,18721.45,40th Day,40.0,18233.587499999998,1.0,25000,-471.7999999999993,24528.2
63,2023-03-15,330.3,BPCL.NS,2023-03-21,358.55,2023-03-28,340.6225,Stop Loss,6.0,340.6225,69.0,25000,-1236.9975000000006,23763.0025
64,2023-04-19,342.0,BPCL.NS,2023-04-25,347.5,2023-06-20,372.45,40th Day,40.0,330.125,71.0,25000,1771.4499999999991,26771.45
65,2023-05-04,368.35,BPCL.NS,2023-05-10,372.15,2023-07-05,386.55,40th Day,40.0,353.54249999999996,67.0,25000,964.8000000000022,25964.800000000003
66,2023-02-02,4573.05,BRITANNIA.NS,2023-02-08,4594.8,2023-03-06,4365.06,Stop Loss,19.0,4365.06,5.0,25000,-1148.699999999999,23851.300000000003
67,2023-04-27,4415.85,BRITANNIA.NS,2023-05-04,4587.05,2023-06-28,4992.15,40th Day,40.0,4357.6975,5.0,25000,2025.4999999999973,27025.499999999996
68,2023-06-07,4893.15,BRITANNIA.NS,2023-06-13,4940.1,2023-08-07,4693.095,Stop Loss,39.0,4693.095,5.0,25000,-1235.0250000000005,23764.975
69,2023-04-13,291.25,CANBK.NS,2023-04-20,296.65,2023-06-15,296.8,40th Day,40.0,281.81749999999994,84.0,25000,12.600000000002865,25012.600000000002
70,2023-06-02,313.75,CANBK.NS,2023-06-08,312.3,2023-06-23,296.685,Stop Loss,12.0,296.685,80.0,25000,-1249.2000000000007,23750.8
72,2023-01-09,289.45,CGPOWER.NS,2023-01-13,308.55,2023-03-13,290.95,40th Day,40.0,293.1225,81.0,25000,-1425.6000000000017,23574.399999999998
73,2023-02-10,327.85,CGPOWER.NS,2023-02-16,323.75,2023-02-28,307.5625,Stop Loss,9.0,307.5625,77.0,25000,-1246.4375,23753.5625
74,2023-05-09,320.5,CGPOWER.NS,2023-05-15,332.15,2023-07-10,388.65,40th Day,40.0,315.54249999999996,75.0,25000,4237.5,29237.5
76,2023-02-01,749.8,CHOLAFIN.NS,2023-02-07,781.4,2023-03-13,742.3299999999999,Stop Loss,24.0,742.3299999999999,31.0,25000,-1211.1700000000014,23788.829999999998
77,2023-04-05,782.65,CHOLAFIN.NS,2023-04-12,820.25,2023-06-08,1061.6,40th Day,40.0,779.2375,30.0,25000,7240.499999999997,32240.499999999996
78,2023-05-18,1042.3,CHOLAFIN.NS,2023-05-24,1052.2,2023-07-19,1170.3,40th Day,40.0,999.59,23.0,25000,2716.299999999998,27716.3
79,2023-06-13,1101.8,CHOLAFIN.NS,2023-06-19,1132.25,2023-08-03,1075.6375,Stop Loss,33.0,1075.6375,22.0,25000,-1245.474999999999,23754.525
80,2023-05-25,945.45,CIPLA.NS,2023-05-31,953.05,2023-07-26,1068.5,40th Day,40.0,905.3974999999999,26.0,25000,3001.700000000001,28001.7
82,2023-01-19,223.95,COALINDIA.NS,2023-01-25,226.15,2023-02-09,214.8425,Stop Loss,11.0,214.8425,110.0,25000,-1243.8250000000005,23756.175
83,2023-03-02,222.85,COALINDIA.NS,2023-03-09,224.8,2023-03-23,213.56,Stop Loss,11.0,213.56,111.0,25000,-1247.640000000001,23752.36
84,2023-04-03,220.15,COALINDIA.NS,2023-04-11,223.65,2023-06-07,230.7,40th Day,40.0,212.4675,111.0,25000,782.5499999999981,25782.55
85,2023-06-30,231.0,COALINDIA.NS,2023-07-06,234.6,2023-08-31,230.05,40th Day,40.0,222.86999999999998,106.0,25000,-482.2999999999982,24517.7
86,2023-01-17,556.55,DABUR.NS,2023-01-23,564.4,2023-02-03,536.18,Stop Loss,9.0,536.18,44.0,25000,-1241.6800000000012,23758.32
87,2023-05-26,542.1,DABUR.NS,2023-06-01,556.9,2023-07-27,573.8,40th Day,40.0,529.055,44.0,25000,743.599999999999,25743.6
88,2023-06-14,562.35,DABUR.NS,2023-06-20,572.1,2023-08-16,565.35,40th Day,40.0,543.495,43.0,25000,-290.25,24709.75
89,2023-04-12,3212.1,DIVISLAB.NS,2023-04-19,3342.6,2023-05-18,3175.47,Stop Loss,21.0,3175.47,7.0,25000,-1169.9100000000008,23830.09
90,2023-03-17,375.25,DLF.NS,2023-03-23,367.65,2023-03-27,349.2675,Stop Loss,3.0,349.2675,67.0,25000,-1231.6274999999996,23768.3725
91,2023-04-05,367.05,DLF.NS,2023-04-12,406.55,2023-06-08,484.75,40th Day,40.0,386.22249999999997,61.0,25000,4770.199999999999,29770.199999999997
92,2023-04-10,405.5,DLF.NS,2023-04-17,415.35,2023-06-12,490.6,40th Day,40.0,394.5825,60.0,25000,4515.0,29515.0
93,2023-05-15,468.15,DLF.NS,2023-05-19,471.9,2023-07-14,493.15,40th Day,40.0,448.30499999999995,52.0,25000,1105.0,26105.0
94,2023-04-03,3553.75,DMART.NS,2023-04-11,3454.2,2023-06-07,3544.05,40th Day,40.0,3281.49,7.0,25000,628.9500000000025,25628.950000000004
95,2023-05-08,3677.85,DMART.NS,2023-05-12,3677.55,2023-05-16,3493.6725,Stop Loss,3.0,3493.6725,6.0,25000,-1103.2650000000003,23896.735
96,2023-06-09,3632.1,DMART.NS,2023-06-15,3917.7,2023-07-17,3721.8149999999996,Stop Loss,22.0,3721.8149999999996,6.0,25000,-1175.3100000000013,23824.69
97,2023-06-14,3704.85,DMART.NS,2023-06-20,3986.9,2023-06-23,3787.555,Stop Loss,4.0,3787.555,6.0,25000,-1196.0700000000015,23803.93
98,2023-03-28,4526.8,DRREDDY.NS,2023-04-05,4682.8,2023-05-18,4448.66,Stop Loss,29.0,4448.66,5.0,25000,-1170.7000000000016,23829.3
99,2023-04-10,4759.65,DRREDDY.NS,2023-04-17,4852.3,2023-05-11,4609.685,Stop Loss,18.0,4609.685,5.0,25000,-1213.074999999999,23786.925000000003
100,2023-06-02,4610.45,DRREDDY.NS,2023-06-08,4649.4,2023-08-03,5659.5,40th Day,40.0,4416.929999999999,5.0,25000,5050.500000000002,30050.5
101,2023-06-15,4803.45,DRREDDY.NS,2023-06-21,4910.4,2023-08-17,5880.65,40th Day,40.0,4664.879999999999,5.0,25000,4851.25,29851.25
102,2023-06-28,5107.85,DRREDDY.NS,2023-07-05,5178.35,2023-08-30,5649.75,40th Day,40.0,4919.4325,4.0,25000,1885.5999999999985,26885.6
104,2023-04-28,3301.1,EICHERMOT.NS,2023-05-05,3355.1,2023-06-30,3580.1,40th Day,40.0,3187.345,7.0,25000,1575.0,26575.0
105,2023-05-10,3416.75,EICHERMOT.NS,2023-05-16,3633.2,2023-07-04,3451.5399999999995,Stop Loss,35.0,3451.5399999999995,6.0,25000,-1089.9600000000019,23910.039999999997
106,2023-01-20,99.0,GAIL.NS,2023-01-27,99.15,2023-02-02,94.1925,Stop Loss,5.0,94.1925,252.0,25000,-1249.2900000000027,23750.71
107,2023-02-23,98.05,GAIL.NS,2023-03-01,103.4,2023-05-03,108.0,40th Day,40.0,98.23,241.0,25000,1108.5999999999985,26108.6
108,2023-03-06,109.05,GAIL.NS,2023-03-13,110.2,2023-03-24,104.69,Stop Loss,10.0,104.69,226.0,25000,-1245.2600000000011,23754.739999999998
109,2023-04-12,108.6,GAIL.NS,2023-04-19,108.25,2023-06-14,107.2,40th Day,40.0,102.83749999999999,230.0,25000,-241.49999999999935,24758.5
110,2023-06-13,107.05,GAIL.NS,2023-06-19,108.0,2023-08-14,112.85,40th Day,40.0,102.6,231.0,25000,1120.3499999999988,26120.35
111,2023-07-25,116.4,GAIL.NS,2023-07-31,119.1,2023-08-14,113.145,Stop Loss,11.0,113.145,209.0,25000,-1244.5949999999996,23755.405
113,2023-02-02,939.7,GODREJCP.NS,2023-02-08,940.7,2023-04-10,965.55,40th Day,40.0,893.665,26.0,25000,646.0999999999976,25646.1
114,2023-05-25,1029.4,GODREJCP.NS,2023-05-31,1058.35,2023-07-26,1038.55,40th Day,40.0,1005.4324999999999,23.0,25000,-455.39999999999895,24544.600000000002
115,2023-04-06,1662.44,GRASIM.NS,2023-04-13,1694.36,2023-06-09,1708.95,40th Day,40.0,1609.6419999999998,14.0,25000,204.26000000000204,25204.260000000002
116,2023-06-14,1772.3,GRASIM.NS,2023-06-20,1762.09,2023-08-16,1809.7,40th Day,40.0,1673.9854999999998,14.0,25000,666.5400000000018,25666.54
117,2023-02-15,1241.28,HAL.NS,2023-02-21,1311.12,2023-04-24,1412.8,40th Day,40.0,1245.5639999999999,19.0,25000,1931.9200000000012,26931.920000000002
118,2023-03-01,1342.12,HAL.NS,2023-03-08,1431.62,2023-03-20,1360.0389999999998,Stop Loss,9.0,1360.0389999999998,17.0,25000,-1216.8770000000022,23783.123
119,2023-04-28,1460.1,HAL.NS,2023-05-05,1472.18,2023-06-30,1896.25,40th Day,40.0,1398.571,16.0,25000,6785.119999999999,31785.12
120,2023-05-16,1548.38,HAL.NS,2023-05-22,1549.65,2023-07-17,1907.85,40th Day,40.0,1472.1675,16.0,25000,5731.199999999997,30731.199999999997
121,2023-06-02,1583.97,HAL.NS,2023-06-08,1763.7,2023-08-03,1883.28,40th Day,40.0,1675.5149999999999,14.0,25000,1674.119999999999,26674.12
123,2023-01-09,1067.45,HCLTECH.NS,2023-01-13,1077.8,2023-03-13,1098.6,40th Day,40.0,1023.9099999999999,23.0,25000,478.39999999999895,25478.399999999998
124,2023-01-17,1111.05,HCLTECH.NS,2023-01-23,1121.2,2023-03-21,1083.9,40th Day,40.0,1065.14,22.0,25000,-820.599999999999,24179.4
125,2023-06-15,1143.6,HCLTECH.NS,2023-06-21,1170.45,2023-07-12,1111.9275,Stop Loss,15.0,1111.9275,21.0,25000,-1228.9725000000008,23771.0275
127,2023-03-29,1587.8,HDFCBANK.NS,2023-04-06,1666.35,2023-06-05,1604.4,40th Day,40.0,1583.0324999999998,15.0,25000,-929.2499999999973,24070.750000000004
128,2023-04-05,1653.75,HDFCBANK.NS,2023-04-12,1684.9,2023-06-06,1600.655,Stop Loss,38.0,1600.655,14.0,25000,-1179.4300000000017,23820.57
129,2023-06-21,1635.6,HDFCBANK.NS,2023-06-27,1658.6,2023-08-23,1586.6,40th Day,40.0,1575.6699999999998,15.0,25000,-1080.0,23920.0
130,2023-06-28,1676.15,HDFCBANK.NS,2023-07-05,1673.3,2023-08-21,1589.635,Stop Loss,33.0,1589.635,14.0,25000,-1171.3099999999995,23828.690000000002
131,2023-04-05,507.75,HDFCLIFE.NS,2023-04-12,517.05,2023-06-08,593.9,40th Day,40.0,491.19749999999993,48.0,25000,3688.800000000001,28688.800000000003
132,2023-04-13,531.85,HDFCLIFE.NS,2023-04-20,530.25,2023-06-15,578.15,40th Day,40.0,503.73749999999995,47.0,25000,2251.299999999999,27251.3
133,2023-05-25,572.05,HDFCLIFE.NS,2023-05-31,592.35,2023-07-26,658.6,40th Day,40.0,562.7325,42.0,25000,2782.5,27782.5
134,2023-04-03,2431.1,HEROMOTOCO.NS,2023-04-11,2469.85,2023-06-07,2958.0,40th Day,40.0,2346.3574999999996,10.0,25000,4881.500000000001,29881.5
135,2023-05-09,2591.55,HEROMOTOCO.NS,2023-05-15,2691.9,2023-07-10,3123.7,40th Day,40.0,2557.305,9.0,25000,3886.1999999999975,28886.199999999997
136,2023-05-15,2691.9,HEROMOTOCO.NS,2023-05-19,2713.0,2023-07-14,3136.3,40th Day,40.0,2577.35,9.0,25000,3809.7000000000016,28809.7
137,2023-06-01,2800.4,HEROMOTOCO.NS,2023-06-07,2958.0,2023-06-19,2810.1,Stop Loss,9.0,2810.1,8.0,25000,-1183.2000000000007,23816.8
138,2023-06-30,2910.1,HEROMOTOCO.NS,2023-07-06,3172.1,2023-08-02,3013.495,Stop Loss,20.0,3013.495,7.0,25000,-1110.2350000000001,23889.765
139,2023-07-04,3029.8,HEROMOTOCO.NS,2023-07-10,3123.7,2023-08-03,2967.515,Stop Loss,19.0,2967.515,8.0,25000,-1249.4799999999996,23750.52
140,2023-01-11,490.95,HINDALCO.NS,2023-01-17,487.9,2023-02-03,463.50499999999994,Stop Loss,13.0,463.50499999999994,51.0,25000,-1244.145000000002,23755.855
141,2023-03-31,405.35,HINDALCO.NS,2023-04-10,411.45,2023-06-06,415.55,40th Day,40.0,390.8775,60.0,25000,246.00000000000136,25246.0
142,2023-04-28,436.1,HINDALCO.NS,2023-05-05,434.25,2023-05-12,412.53749999999997,Stop Loss,6.0,412.53749999999997,57.0,25000,-1237.612500000002,23762.387499999997
144,2023-05-11,2592.4,HINDUNILVR.NS,2023-05-17,2661.75,2023-07-12,2673.65,40th Day,40.0,2528.6625,9.0,25000,107.10000000000082,25107.100000000002
145,2023-06-01,2697.9,HINDUNILVR.NS,2023-06-07,2716.2,2023-07-24,2580.39,Stop Loss,33.0,2580.39,9.0,25000,-1222.2899999999995,23777.71
146,2023-01-12,345.1,HINDZINC.NS,2023-01-18,361.35,2023-01-30,343.2825,Stop Loss,8.0,343.2825,69.0,25000,-1246.6574999999998,23753.3425
147,2023-04-25,913.45,ICICIBANK.NS,2023-05-02,922.1,2023-06-26,927.45,40th Day,40.0,875.995,27.0,25000,144.4500000000006,25144.45
149,2023-04-05,1093.05,ICICIGI.NS,2023-04-12,1090.85,2023-06-08,1252.65,40th Day,40.0,1036.3075,22.0,25000,3559.600000000004,28559.600000000006
150,2023-05-29,461.8,ICICIPRULI.NS,2023-06-02,471.8,2023-07-28,580.45,40th Day,40.0,448.21,52.0,25000,5649.800000000002,30649.800000000003
151,2023-06-06,496.7,ICICIPRULI.NS,2023-06-12,503.4,2023-08-07,578.6,40th Day,40.0,478.22999999999996,49.0,25000,3684.800000000002,28684.800000000003
152,2023-06-16,534.2,ICICIPRULI.NS,2023-06-22,562.55,2023-08-18,537.5,40th Day,40.0,534.4224999999999,44.0,25000,-1102.199999999998,23897.800000000003
153,2023-06-20,563.25,ICICIPRULI.NS,2023-06-26,564.05,2023-08-22,547.55,40th Day,40.0,535.8475,44.0,25000,-726.0,24274.0
154,2023-07-10,595.0,ICICIPRULI.NS,2023-07-14,587.85,2023-07-20,558.4575,Stop Loss,5.0,558.4575,42.0,25000,-1234.4850000000017,23765.515
155,2023-08-01,62.95,IDBI.NS,2023-08-07,65.25,2023-08-17,61.9875,Stop Loss,8.0,61.9875,383.0,25000,-1249.537500000001,23750.462499999998
156,2023-03-31,324.35,INDHOTEL.NS,2023-04-10,328.0,2023-06-06,389.25,40th Day,40.0,311.59999999999997,76.0,25000,4655.0,29655.0
157,2023-04-20,335.1,INDHOTEL.NS,2023-04-26,340.95,2023-06-21,396.8,40th Day,40.0,323.9025,73.0,25000,4077.0500000000015,29077.050000000003
158,2023-05-03,354.9,INDHOTEL.NS,2023-05-09,374.25,2023-05-15,355.53749999999997,Stop Loss,5.0,355.53749999999997,66.0,25000,-1235.0250000000024,23764.975
159,2023-01-11,2107.35,INDIGO.NS,2023-01-17,2081.25,2023-02-16,1977.1875,Stop Loss,22.0,1977.1875,12.0,25000,-1248.75,23751.25
160,2023-04-17,1937.0,INDIGO.NS,2023-04-21,1987.65,2023-06-16,2429.5,40th Day,40.0,1888.2675,12.0,25000,5302.199999999999,30302.199999999997
161,2023-05-02,2067.4,INDIGO.NS,2023-05-08,2199.85,2023-07-03,2638.2,40th Day,40.0,2089.8574999999996,11.0,25000,4821.8499999999985,29821.85
162,2023-06-02,2385.75,INDIGO.NS,2023-06-08,2447.05,2023-08-03,2447.75,40th Day,40.0,2324.6975,10.0,25000,6.999999999998181,25007.0
163,2023-03-03,1126.4,INDUSINDBK.NS,2023-03-10,1144.8,2023-03-13,1087.56,Stop Loss,2.0,1087.56,21.0,25000,-1202.0400000000002,23797.96
164,2023-03-29,1057.1,INDUSINDBK.NS,2023-04-06,1082.0,2023-06-05,1301.8,40th Day,40.0,1027.8999999999999,23.0,25000,5055.399999999999,30055.399999999998
165,2023-05-09,1140.6,INDUSINDBK.NS,2023-05-15,1219.55,2023-07-10,1367.0,40th Day,40.0,1158.5725,20.0,25000,2949.000000000001,27949.0
166,2023-05-30,1293.25,INDUSINDBK.NS,2023-06-05,1301.8,2023-07-31,1417.75,40th Day,40.0,1236.7099999999998,19.0,25000,2203.050000000001,27203.050000000003
167,2023-02-02,1583.75,INFY.NS,2023-02-08,1590.5,2023-02-27,1510.975,Stop Loss,14.0,1510.975,15.0,25000,-1192.8750000000014,23807.125
168,2023-03-31,1427.95,INFY.NS,2023-04-10,1427.6,2023-04-17,1356.2199999999998,Stop Loss,5.0,1356.2199999999998,17.0,25000,-1213.4600000000019,23786.539999999997
169,2023-05-22,1292.8,INFY.NS,2023-05-26,1317.45,2023-07-21,1331.6,40th Day,40.0,1251.5774999999999,18.0,25000,254.69999999999754,25254.699999999997
170,2023-04-27,80.45,IOC.NS,2023-05-04,83.3,2023-06-28,90.65,40th Day,40.0,79.13499999999999,300.0,25000,2205.0000000000027,27205.000000000004
171,2023-05-16,87.0,IOC.NS,2023-05-22,87.15,2023-07-17,97.35,40th Day,40.0,82.7925,286.0,25000,2917.1999999999966,27917.199999999997
172,2023-07-03,95.25,IOC.NS,2023-07-07,99.2,2023-07-31,94.24,Stop Loss,17.0,94.24,252.0,25000,-1249.920000000002,23750.079999999998
174,2023-01-24,338.95,ITC.NS,2023-01-31,352.35,2023-03-28,379.75,40th Day,40.0,334.7325,70.0,25000,1917.9999999999984,26918.0
175,2023-04-11,396.0,ITC.NS,2023-04-18,398.5,2023-06-13,445.4,40th Day,40.0,378.575,62.0,25000,2907.7999999999984,27907.8
176,2023-04-21,408.25,ITC.NS,2023-04-27,416.0,2023-06-22,447.65,40th Day,40.0,395.2,60.0,25000,1898.9999999999986,26899.0
177,2023-04-27,416.0,ITC.NS,2023-05-04,424.6,2023-06-28,449.35,40th Day,40.0,403.37,58.0,25000,1435.5,26435.5
178,2023-06-15,448.1,ITC.NS,2023-06-21,447.05,2023-08-17,441.0,40th Day,40.0,424.6975,55.0,25000,-332.7500000000006,24667.25
179,2023-07-03,463.25,ITC.NS,2023-07-07,468.4,2023-08-17,444.97999999999996,Stop Loss,29.0,444.97999999999996,53.0,25000,-1241.260000000001,23758.739999999998
180,2023-04-11,562.9,JINDALSTEL.NS,2023-04-18,566.5,2023-05-17,538.175,Stop Loss,21.0,538.175,44.0,25000,-1246.300000000002,23753.699999999997
181,2023-04-19,579.85,JINDALSTEL.NS,2023-04-25,575.65,2023-05-17,546.8675,Stop Loss,16.0,546.8675,43.0,25000,-1237.6475000000012,23762.352499999997
182,2023-06-16,544.2,JINDALSTEL.NS,2023-06-22,584.1,2023-08-18,641.05,40th Day,40.0,554.895,42.0,25000,2391.899999999997,27391.899999999998
183,2023-07-25,664.7,JINDALSTEL.NS,2023-07-31,668.75,2023-08-25,635.3125,Stop Loss,19.0,635.3125,37.0,25000,-1237.1875,23762.8125
184,2023-03-29,678.9,JSWSTEEL.NS,2023-04-06,682.7,2023-06-05,712.15,40th Day,40.0,648.565,36.0,25000,1060.1999999999975,26060.199999999997
185,2023-04-11,713.6,JSWSTEEL.NS,2023-04-18,719.35,2023-06-13,756.65,40th Day,40.0,683.3824999999999,34.0,25000,1268.1999999999985,26268.199999999997
186,2023-06-07,729.75,JSWSTEEL.NS,2023-06-13,756.65,2023-08-08,801.3,40th Day,40.0,718.8175,33.0,25000,1473.4499999999994,26473.45
187,2023-06-28,783.4,JSWSTEEL.NS,2023-07-05,791.9,2023-08-30,787.15,40th Day,40.0,752.305,31.0,25000,-147.25,24852.75
188,2023-05-05,560.05,LICI.NS,2023-05-11,561.0,2023-07-06,627.9,40th Day,40.0,532.9499999999999,44.0,25000,2943.599999999999,27943.6
189,2023-06-19,618.3,LICI.NS,2023-06-23,624.95,2023-08-21,652.15,40th Day,40.0,593.7025,40.0,25000,1087.9999999999973,26087.999999999996
190,2023-04-05,2257.75,LT.NS,2023-04-12,2288.5,2023-06-08,2340.3,40th Day,40.0,2174.075,10.0,25000,518.0000000000018,25518.0
191,2023-06-05,2268.3,LT.NS,2023-06-09,2363.0,2023-08-04,2626.9,40th Day,40.0,2244.85,10.0,25000,2639.000000000001,27639.0
192,2023-06-30,2475.55,LT.NS,2023-07-06,2488.6,2023-08-31,2702.7,40th Day,40.0,2364.1699999999996,10.0,25000,2140.999999999999,27141.0
194,2023-05-19,4803.0,LTIM.NS,2023-05-25,4910.55,2023-07-20,4985.05,40th Day,40.0,4665.0225,5.0,25000,372.5,25372.5
195,2023-05-25,4910.55,LTIM.NS,2023-05-31,4998.4,2023-07-26,4860.55,40th Day,40.0,4748.48,5.0,25000,-689.2499999999973,24310.750000000004
196,2023-06-16,5010.6,LTIM.NS,2023-06-22,5026.05,2023-08-18,5085.15,40th Day,40.0,4774.7475,4.0,25000,236.39999999999782,25236.399999999998
197,2023-06-30,5197.2,LTIM.NS,2023-07-06,5178.2,2023-07-12,4919.29,Stop Loss,5.0,4919.29,4.0,25000,-1035.6399999999994,23964.36
198,2023-01-09,1310.35,M&M.NS,2023-01-13,1328.15,2023-02-27,1261.7425,Stop Loss,31.0,1261.7425,18.0,25000,-1195.3350000000005,23804.665
199,2023-01-31,1378.75,M&M.NS,2023-02-06,1376.0,2023-02-24,1307.2,Stop Loss,15.0,1307.2,18.0,25000,-1238.3999999999992,23761.600000000002
200,2023-05-09,1245.45,M&M.NS,2023-05-15,1285.65,2023-07-10,1551.4,40th Day,40.0,1221.3675,19.0,25000,5049.25,30049.25
201,2023-05-29,1330.15,M&M.NS,2023-06-02,1341.4,2023-07-28,1467.8,40th Day,40.0,1274.33,18.0,25000,2275.1999999999975,27275.199999999997
202,2023-06-05,1395.4,M&M.NS,2023-06-09,1370.65,2023-08-04,1464.65,40th Day,40.0,1302.1175,18.0,25000,1692.0,26692.0
203,2023-06-30,1453.6,M&M.NS,2023-07-06,1548.8,2023-07-27,1471.36,Stop Loss,16.0,1471.36,16.0,25000,-1239.0400000000009,23760.96
204,2023-07-06,1548.8,M&M.NS,2023-07-12,1570.85,2023-07-27,1492.3075,Stop Loss,12.0,1492.3075,15.0,25000,-1178.1375000000003,23821.8625
206,2023-05-08,530.7,MARICO.NS,2023-05-12,541.5,2023-07-07,517.05,40th Day,40.0,514.425,46.0,25000,-1124.700000000002,23875.3
207,2023-01-24,8698.8,MARUTI.NS,2023-01-31,8895.3,2023-03-16,8450.534999999998,Stop Loss,32.0,8450.534999999998,2.0,25000,-889.5300000000025,24110.469999999998
208,2023-04-03,8503.05,MARUTI.NS,2023-04-11,8659.55,2023-06-07,9707.5,40th Day,40.0,8226.572499999998,2.0,25000,2095.9000000000015,27095.9
209,2023-04-11,8659.55,MARUTI.NS,2023-04-18,8732.65,2023-06-13,9517.5,40th Day,40.0,8296.0175,2.0,25000,1569.7000000000007,26569.7
210,2023-05-02,8776.85,MARUTI.NS,2023-05-08,9076.25,2023-07-03,9673.0,40th Day,40.0,8622.4375,2.0,25000,1193.5,26193.5
211,2023-05-09,9111.55,MARUTI.NS,2023-05-15,9207.3,2023-07-10,9736.3,40th Day,40.0,8746.935,2.0,25000,1058.0,26058.0
212,2023-05-26,9399.95,MARUTI.NS,2023-06-01,9328.3,2023-07-27,9753.6,40th Day,40.0,8861.884999999998,2.0,25000,850.6000000000022,25850.600000000002
213,2023-06-30,9789.05,MARUTI.NS,2023-07-06,9859.4,2023-08-11,9366.429999999998,Stop Loss,27.0,9366.429999999998,2.0,25000,-985.9400000000023,24014.059999999998
214,2023-03-14,768.35,MCDOWELL-N.NS,2023-03-20,765.85,2023-05-19,817.05,40th Day,40.0,727.5575,32.0,25000,1638.3999999999978,26638.399999999998
215,2023-04-28,3776.2,NAUKRI.NS,2023-05-05,3816.35,2023-06-30,4483.65,40th Day,40.0,3625.5325,6.0,25000,4003.7999999999984,29003.8
216,2023-05-26,4197.75,NAUKRI.NS,2023-06-01,4218.65,2023-07-27,4570.75,40th Day,40.0,4007.7174999999993,5.0,25000,1760.5000000000018,26760.5
217,2023-07-13,4625.5,NAUKRI.NS,2023-07-19,4679.5,2023-08-14,4445.525,Stop Loss,19.0,4445.525,5.0,25000,-1169.8750000000018,23830.125
218,2023-05-02,175.6,NTPC.NS,2023-05-08,177.05,2023-07-03,191.25,40th Day,40.0,168.1975,141.0,25000,2002.1999999999985,27002.199999999997
219,2023-06-08,182.05,NTPC.NS,2023-06-14,187.2,2023-08-09,218.7,40th Day,40.0,177.83999999999997,133.0,25000,4189.5,29189.5
221,2023-01-19,151.75,ONGC.NS,2023-01-25,152.45,2023-02-01,144.8275,Stop Loss,5.0,144.8275,163.0,25000,-1242.4675000000004,23757.5325
222,2023-02-16,155.9,ONGC.NS,2023-02-22,153.6,2023-04-25,160.65,40th Day,40.0,145.92,162.0,25000,1142.1000000000017,26142.100000000002
223,2023-06-14,157.85,ONGC.NS,2023-06-20,157.25,2023-08-16,179.05,40th Day,40.0,149.3875,158.0,25000,3444.400000000002,28444.4
225,2023-04-18,2432.5,PIDILITIND.NS,2023-04-24,2421.15,2023-06-19,2673.3,40th Day,40.0,2300.0925,10.0,25000,2521.500000000001,27521.5
226,2023-06-01,2651.55,PIDILITIND.NS,2023-06-07,2654.85,2023-08-02,2626.75,40th Day,40.0,2522.1074999999996,9.0,25000,-252.89999999999918,24747.100000000002
227,2023-06-13,2686.65,PIDILITIND.NS,2023-06-19,2673.3,2023-08-10,2539.635,Stop Loss,38.0,2539.635,9.0,25000,-1202.9849999999997,23797.015
228,2023-04-18,3153.3,PIIND.NS,2023-04-24,3112.95,2023-06-19,3854.0,40th Day,40.0,2957.3025,8.0,25000,5928.4000000000015,30928.4
229,2023-04-28,3384.5,PIIND.NS,2023-05-05,3443.2,2023-05-18,3271.0399999999995,Stop Loss,10.0,3271.0399999999995,7.0,25000,-1205.1200000000022,23794.879999999997
230,2023-06-07,3679.4,PIIND.NS,2023-06-13,3761.45,2023-07-25,3573.3774999999996,Stop Loss,30.0,3573.3774999999996,6.0,25000,-1128.4350000000013,23871.565
231,2023-08-02,3684.7,PIIND.NS,2023-08-08,3850.75,2023-08-25,3658.2124999999996,Stop Loss,13.0,3658.2124999999996,6.0,25000,-1155.2250000000022,23844.774999999998
233,2023-03-31,2151.56,RELIANCE.NS,2023-04-10,2145.84,2023-06-06,2288.44,40th Day,40.0,2038.548,11.0,25000,1568.599999999999,26568.6
236,2023-03-31,740.2,SBICARD.NS,2023-04-10,739.5,2023-06-06,926.05,40th Day,40.0,702.525,33.0,25000,6156.149999999999,31156.149999999998
237,2023-05-04,796.55,SBICARD.NS,2023-05-10,824.25,2023-07-05,836.45,40th Day,40.0,783.0374999999999,30.0,25000,366.00000000000136,25366.0
238,2023-05-11,865.65,SBICARD.NS,2023-05-17,879.4,2023-07-11,835.43,Stop Loss,39.0,835.43,28.0,25000,-1231.1600000000008,23768.84
239,2023-05-30,917.05,SBICARD.NS,2023-06-05,919.8,2023-06-23,873.81,Stop Loss,15.0,873.81,27.0,25000,-1241.7300000000002,23758.27
240,2023-01-12,1315.7,SBILIFE.NS,2023-01-18,1310.65,2023-01-30,1245.1175,Stop Loss,8.0,1245.1175,19.0,25000,-1245.1175000000005,23754.8825
241,2023-06-07,1245.8,SBILIFE.NS,2023-06-13,1243.3,2023-08-08,1349.35,40th Day,40.0,1181.135,20.0,25000,2120.999999999999,27121.0
242,2023-06-16,1281.35,SBILIFE.NS,2023-06-22,1276.5,2023-08-18,1282.45,40th Day,40.0,1212.675,19.0,25000,113.05000000000086,25113.05
243,2023-03-31,523.75,SBIN.NS,2023-04-10,526.3,2023-06-06,585.35,40th Day,40.0,499.98499999999996,47.0,25000,2775.350000000003,27775.350000000002
244,2023-07-03,585.45,SBIN.NS,2023-07-07,593.6,2023-08-14,563.92,Stop Loss,27.0,563.92,42.0,25000,-1246.5600000000027,23753.44
245,2023-07-19,601.45,SBIN.NS,2023-07-25,609.6,2023-08-04,579.12,Stop Loss,9.0,579.12,41.0,25000,-1249.6800000000007,23750.32
246,2023-03-31,26186.95,SHREECEM.NS,2023-04-10,26000.75,2023-04-20,24700.712499999998,Stop Loss,8.0,24700.712499999998,0.0,25000,-0.0,25000.0
247,2023-04-06,1303.85,SHRIRAMFIN.NS,2023-04-13,1296.6,2023-06-09,1417.2,40th Day,40.0,1231.7699999999998,19.0,25000,2291.4000000000024,27291.4
248,2023-02-07,3118.05,SIEMENS.NS,2023-02-13,3129.4,2023-04-13,3326.5,40th Day,40.0,2972.93,7.0,25000,1379.6999999999994,26379.7
249,2023-03-08,3287.45,SIEMENS.NS,2023-03-14,3252.9,2023-05-15,3833.4,40th Day,40.0,3090.255,7.0,25000,4063.5,29063.5
250,2023-04-26,3447.65,SIEMENS.NS,2023-05-03,3540.9,2023-06-27,3706.2,40th Day,40.0,3363.855,7.0,25000,1157.099999999998,26157.1
251,2023-06-07,3653.9,SIEMENS.NS,2023-06-13,3734.4,2023-08-08,3779.35,40th Day,40.0,3547.68,6.0,25000,269.6999999999989,25269.699999999997
253,2023-04-21,2477.0,SRF.NS,2023-04-27,2495.5,2023-06-12,2370.725,Stop Loss,32.0,2370.725,10.0,25000,-1247.750000000001,23752.25
254,2023-04-28,2540.25,SRF.NS,2023-05-05,2529.7,2023-06-12,2403.2149999999997,Stop Loss,27.0,2403.2149999999997,9.0,25000,-1138.3650000000011,23861.635
256,2023-04-06,1012.1,SUNPHARMA.NS,2023-04-13,1003.5,2023-05-15,953.3249999999999,Stop Loss,21.0,953.3249999999999,24.0,25000,-1204.2000000000016,23795.8
257,2023-05-26,969.9,SUNPHARMA.NS,2023-06-01,987.7,2023-07-27,1134.95,40th Day,40.0,938.315,25.0,25000,3681.25,28681.25
258,2023-06-28,1021.8,SUNPHARMA.NS,2023-07-05,1044.7,2023-08-30,1114.9,40th Day,40.0,992.465,23.0,25000,1614.600000000001,26614.600000000002
261,2023-04-24,732.55,TATACONSUM.NS,2023-04-28,763.85,2023-06-23,840.85,40th Day,40.0,725.6575,32.0,25000,2464.0,27464.0
262,2023-05-26,789.7,TATACONSUM.NS,2023-06-01,793.65,2023-07-27,850.05,40th Day,40.0,753.9675,31.0,25000,1748.3999999999992,26748.399999999998
263,2023-06-14,862.5,TATACONSUM.NS,2023-06-20,858.9,2023-08-16,840.7,40th Day,40.0,815.9549999999999,29.0,25000,-527.799999999998,24472.2
264,2023-01-10,412.9,TATAMOTORS.NS,2023-01-16,413.0,2023-03-14,416.65,40th Day,40.0,392.34999999999997,60.0,25000,218.99999999999864,25219.0
265,2023-01-24,422.15,TATAMOTORS.NS,2023-01-31,452.1,2023-02-22,429.495,Stop Loss,17.0,429.495,55.0,25000,-1243.275000000001,23756.725
266,2023-04-06,437.65,TATAMOTORS.NS,2023-04-13,469.5,2023-06-09,562.3,40th Day,40.0,446.025,53.0,25000,4918.399999999998,29918.399999999998
267,2023-05-08,500.5,TATAMOTORS.NS,2023-05-12,515.95,2023-07-07,618.2,40th Day,40.0,490.15250000000003,48.0,25000,4908.0,29908.0
268,2023-06-01,535.2,TATAMOTORS.NS,2023-06-07,567.95,2023-08-02,622.65,40th Day,40.0,539.5525,44.0,25000,2406.799999999997,27406.799999999996
269,2023-06-28,586.65,TATAMOTORS.NS,2023-07-05,588.25,2023-08-30,605.55,40th Day,40.0,558.8375,42.0,25000,726.5999999999981,25726.6
270,2023-06-08,220.65,TATAPOWER.NS,2023-06-14,224.15,2023-08-09,234.9,40th Day,40.0,212.9425,111.0,25000,1193.25,26193.25
274,2023-04-11,107.55,TATASTEEL.NS,2023-04-18,107.6,2023-06-13,111.15,40th Day,40.0,102.21999999999998,232.0,25000,823.6000000000026,25823.600000000002
275,2023-06-14,113.8,TATASTEEL.NS,2023-06-20,114.25,2023-08-16,115.95,40th Day,40.0,108.5375,218.0,25000,370.6000000000006,25370.600000000002
277,2023-01-11,3328.7,TCS.NS,2023-01-17,3378.4,2023-03-15,3198.9,40th Day,40.0,3209.48,7.0,25000,-1256.5,23743.5
278,2023-03-31,3205.9,TCS.NS,2023-04-10,3263.4,2023-04-19,3100.23,Stop Loss,7.0,3100.23,7.0,25000,-1142.1900000000005,23857.809999999998
281,2023-01-16,1034.45,TECHM.NS,2023-01-20,1046.5,2023-03-20,1109.0,40th Day,40.0,994.175,23.0,25000,1437.5,26437.5
282,2023-02-15,1071.4,TECHM.NS,2023-02-21,1134.45,2023-03-09,1077.7275,Stop Loss,12.0,1077.7275,22.0,25000,-1247.8950000000018,23752.105
283,2023-03-13,1133.8,TECHM.NS,2023-03-17,1127.15,2023-03-28,1070.7925,Stop Loss,8.0,1070.7925,22.0,25000,-1239.8650000000016,23760.135
284,2023-05-19,1072.15,TECHM.NS,2023-05-25,1098.1,2023-07-20,1252.95,40th Day,40.0,1043.195,22.0,25000,3406.700000000003,28406.700000000004
285,2023-07-14,1228.65,TECHM.NS,2023-07-20,1252.95,2023-07-24,1190.3025,Stop Loss,3.0,1190.3025,19.0,25000,-1190.3025000000007,23809.6975
287,2023-02-24,2551.05,TIINDIA.NS,2023-03-02,2811.6,2023-03-16,2671.02,Stop Loss,10.0,2671.02,8.0,25000,-1124.6399999999994,23875.36
288,2023-05-29,2865.15,TIINDIA.NS,2023-06-02,2884.2,2023-07-28,3098.45,40th Day,40.0,2739.99,8.0,25000,1714.0,26714.0
289,2023-06-15,2978.5,TIINDIA.NS,2023-06-21,3171.55,2023-08-08,3012.9725,Stop Loss,34.0,3012.9725,7.0,25000,-1110.0425000000023,23889.957499999997
290,2023-06-21,3171.55,TIINDIA.NS,2023-06-27,3134.2,2023-08-09,2977.49,Stop Loss,31.0,2977.49,7.0,25000,-1096.9700000000003,23903.03
291,2023-02-03,2463.1,TITAN.NS,2023-02-09,2462.55,2023-03-13,2339.4225,Stop Loss,22.0,2339.4225,10.0,25000,-1231.2750000000005,23768.725
292,2023-02-13,2519.05,TITAN.NS,2023-02-17,2500.3,2023-02-28,2375.285,Stop Loss,8.0,2375.285,9.0,25000,-1125.135000000003,23874.864999999998
293,2023-03-16,2450.35,TITAN.NS,2023-03-22,2508.15,2023-05-23,2683.45,40th Day,40.0,2382.7425,9.0,25000,1577.6999999999975,26577.699999999997
294,2023-04-05,2572.7,TITAN.NS,2023-04-12,2587.9,2023-06-08,2877.0,40th Day,40.0,2458.505,9.0,25000,2601.899999999999,27601.899999999998
295,2023-05-05,2732.9,TITAN.NS,2023-05-11,2757.85,2023-07-06,3106.4,40th Day,40.0,2619.9575,9.0,25000,3136.9500000000016,28136.95
296,2023-05-29,2812.25,TITAN.NS,2023-06-02,2861.65,2023-07-28,2987.0,40th Day,40.0,2718.5675,8.0,25000,1002.7999999999993,26002.8
297,2023-06-16,2954.3,TITAN.NS,2023-06-22,2970.25,2023-08-18,3050.45,40th Day,40.0,2821.7374999999997,8.0,25000,641.5999999999985,25641.6
298,2023-06-28,3028.1,TITAN.NS,2023-07-05,3099.85,2023-08-03,2944.8574999999996,Stop Loss,22.0,2944.8574999999996,8.0,25000,-1239.9400000000023,23760.059999999998
300,2023-04-28,1652.3,TORNTPHARM.NS,2023-05-05,1649.75,2023-06-30,1904.95,40th Day,40.0,1567.2624999999998,15.0,25000,3828.000000000001,28828.0
301,2023-05-25,1701.35,TORNTPHARM.NS,2023-05-31,1835.8,2023-07-26,1970.8,40th Day,40.0,1744.0099999999998,13.0,25000,1755.0,26755.0
302,2023-05-31,1835.8,TORNTPHARM.NS,2023-06-06,1788.1,2023-08-01,1983.5,40th Day,40.0,1698.695,13.0,25000,2540.200000000001,27540.2
303,2023-02-03,1235.65,TRENT.NS,2023-02-09,1341.9,2023-04-11,1354.15,40th Day,40.0,1274.805,18.0,25000,220.5,25220.5
304,2023-02-09,1341.9,TRENT.NS,2023-02-15,1347.45,2023-02-28,1280.0774999999999,Stop Loss,10.0,1280.0774999999999,18.0,25000,-1212.705000000003,23787.295
305,2023-03-31,1374.95,TRENT.NS,2023-04-10,1358.7,2023-06-06,1602.65,40th Day,40.0,1290.7649999999999,18.0,25000,4391.1,29391.1
306,2023-05-05,1416.8,TRENT.NS,2023-05-11,1471.4,2023-07-06,1754.3,40th Day,40.0,1397.83,16.0,25000,4526.399999999998,29526.399999999998
307,2023-05-11,1471.4,TRENT.NS,2023-05-17,1505.55,2023-07-12,1687.95,40th Day,40.0,1430.2724999999998,16.0,25000,2918.4000000000015,27918.4
308,2023-06-13,1685.65,TRENT.NS,2023-06-19,1708.45,2023-08-14,1929.6,40th Day,40.0,1623.0275,14.0,25000,3096.099999999998,28096.1
310,2023-01-25,1037.9,TVSMOTOR.NS,2023-02-01,1018.35,2023-03-29,1079.2,40th Day,40.0,967.4325,24.0,25000,1460.4000000000005,26460.4
311,2023-04-11,1128.85,TVSMOTOR.NS,2023-04-18,1144.95,2023-06-13,1346.1,40th Day,40.0,1087.7025,21.0,25000,4224.149999999997,29224.149999999998
312,2023-05-04,1169.05,TVSMOTOR.NS,2023-05-10,1241.05,2023-07-05,1319.8,40th Day,40.0,1178.9975,20.0,25000,1575.0,26575.0
313,2023-01-12,7153.35,ULTRACEMCO.NS,2023-01-18,7283.45,2023-01-23,6919.277499999999,Stop Loss,4.0,6919.277499999999,3.0,25000,-1092.5175000000017,23907.4825
314,2023-05-29,7840.55,ULTRACEMCO.NS,2023-06-02,7850.65,2023-07-28,8306.75,40th Day,40.0,7458.117499999999,3.0,25000,1368.300000000001,26368.300000000003
315,2023-06-06,8109.55,ULTRACEMCO.NS,2023-06-12,8198.6,2023-08-07,8175.45,40th Day,40.0,7788.67,3.0,25000,-69.45000000000164,24930.55
316,2023-02-14,761.6,UPL.NS,2023-02-20,757.95,2023-02-27,720.0525,Stop Loss,6.0,720.0525,32.0,25000,-1212.7200000000012,23787.28
317,2023-02-07,652.05,VBL.NS,2023-02-13,642.03,2023-04-13,714.78,40th Day,40.0,609.9285,38.0,25000,2764.5,27764.5
318,2023-05-26,850.97,VBL.NS,2023-06-01,844.5,2023-06-08,802.275,Stop Loss,6.0,802.275,29.0,25000,-1224.5250000000005,23775.475
320,2023-06-14,281.0,VEDL.NS,2023-06-20,282.65,2023-08-03,268.5175,Stop Loss,32.0,268.5175,88.0,25000,-1243.6599999999994,23756.34
321,2023-01-18,403.2,WIPRO.NS,2023-01-24,406.6,2023-03-13,386.27,Stop Loss,33.0,386.27,61.0,25000,-1240.1300000000024,23759.87
322,2023-04-24,377.95,WIPRO.NS,2023-04-28,385.0,2023-06-23,379.95,40th Day,40.0,365.75,64.0,25000,-323.2000000000007,24676.8
323,2023-05-22,395.75,WIPRO.NS,2023-05-26,401.7,2023-06-16,381.61499999999995,Stop Loss,16.0,381.61499999999995,62.0,25000,-1245.2700000000023,23754.729999999996
324,2023-06-30,389.15,WIPRO.NS,2023-07-06,396.2,2023-08-31,408.4,40th Day,40.0,376.39,63.0,25000,768.5999999999992,25768.6
326,2023-01-09,444.05,ZYDUSLIFE.NS,2023-01-13,441.35,2023-03-13,466.2,40th Day,40.0,419.2825,56.0,25000,1391.599999999998,26391.6
327,2023-02-06,470.15,ZYDUSLIFE.NS,2023-02-10,473.5,2023-04-12,504.6,40th Day,40.0,449.825,52.0,25000,1617.2000000000012,26617.2
328,2023-06-14,532.35,ZYDUSLIFE.NS,2023-06-20,556.05,2023-08-16,657.4,40th Day,40.0,528.2475,44.0,25000,4459.4000000000015,29459.4
329,2023-06-27,570.7,ZYDUSLIFE.NS,2023-07-04,574.1,2023-08-29,631.95,40th Day,40.0,545.395,43.0,25000,2487.550000000001,27487.550000000003
